init,winter,is_dev,is_holdout,n_members,a,a_z,a_hi,b1_signal,tau_hi,p_cold,p_warm,K,K_old,dK_star,rho,B,d_a,d_p_cold,d_B
2020-10-31,2020,False,False,31,8.43243,,,False,,,,-0.0122275,,,-0.242993,0,,,
2020-11-01,2020,True,False,31,9.20922,-1.17391,15.3816,False,15.9072,0,0.258065,-0.000470999,-0.00975969,0.00285675,-0.031748,0.0038088,0.776789,,0.0038088
2020-11-02,2020,True,False,31,9.16854,-1.19053,15.3816,False,15.9072,0,0.290323,0.00105832,0.00148564,0.000551759,0.0890276,0.0931706,-0.0406769,0,0.0893618
2020-11-03,2020,True,False,31,8.30588,-1.54307,15.3816,False,15.9072,0,0.548387,-0.00155092,0.00618651,-0.00366033,-0.100209,0.101065,-0.862657,0,0.00789395
2020-11-04,2020,True,False,31,9.13811,-1.20297,15.3816,False,15.9072,0,0.354839,-0.00545574,-0.00655253,-0.00322153,-0.187222,0.160843,0.832224,0,0.0597789
2020-11-05,2020,True,False,31,8.52425,-1.45383,15.3816,False,15.9072,0,0.451613,0.0184024,0.0265213,0.00935947,0.0848172,0.199204,-0.613855,0,0.0383601
2020-11-06,2020,True,False,31,8.41812,-1.49721,15.3816,False,15.9072,0,0.483871,0.0080143,0.0123374,0.00380762,0.0655324,0.250898,-0.106138,0,0.0516945
2020-11-07,2020,True,False,31,8.9262,-1.28957,15.3816,False,15.9072,0,0.225806,0.00955723,0.012233,0.00538617,0.101168,0.354006,0.508087,0,0.103108
2020-11-08,2020,True,False,31,8.80647,-1.3385,15.3816,False,15.9072,0,0.322581,0.00220404,0.00990071,-0.0011718,0.0427616,0.22285,-0.119729,0,-0.131155
2020-11-09,2020,True,False,31,9.20047,-1.17749,15.3816,False,15.9072,0,0.322581,0.00950092,-0.000454014,0.00965572,0.0207709,0.196103,0.393997,0,-0.0267471
2020-11-10,2020,True,False,31,9.94075,-0.87496,15.3816,False,15.9072,0,0.0645161,0.0204659,0.0190539,0.0139691,0.178011,0.141249,0.74028,0,-0.0548545
2020-11-11,2020,True,False,31,10.9413,-0.466071,15.3816,False,15.9072,0.0322581,0.0322581,-0.0111038,0.0202623,-0.0180126,-0.142796,0.129514,1.00055,0.0322581,-0.0117347
2020-11-12,2020,True,False,31,10.9138,-0.477326,15.3816,False,15.9072,0,0,0.0189575,-0.0134928,0.0235581,0.110964,0.195576,-0.0275391,-0.0322581,0.0660618
2020-11-13,2020,True,False,31,10.6413,-0.588672,15.3816,False,15.9072,0,0,-0.0054114,0.0302997,-0.0157427,-0.0461975,0.225756,-0.272464,0,0.0301803
2020-11-14,2020,True,False,31,10.9556,-0.460212,15.3816,False,15.9072,0,0,-0.000135161,-0.00658403,0.00210979,-0.0475517,0.127714,0.31434,0,-0.0980427
2020-11-15,2020,True,False,31,10.1783,-0.777888,15.3816,False,15.9072,0,0.0645161,0.00429835,0.00237269,0.00348933,0.176278,0.0779371,-0.777353,0,-0.0497765
2020-11-16,2020,True,False,31,10.2763,-0.737831,15.3816,False,15.9072,0,0.0322581,0.0307788,0.0187942,0.0243706,0.334894,0.0611031,0.098018,0,-0.0168341
2020-11-17,2020,True,False,31,10.9144,-0.477053,15.3816,False,15.9072,0,0,0.0140011,0.0368572,0.00143391,0.244442,0.109653,0.638125,0,0.0485503
2020-11-18,2020,True,False,31,11.305,-0.317441,15.3816,False,15.9072,0,0,0.00484719,0.00758631,0.00226049,0.106716,0.0868169,0.390572,0,-0.0228364
2020-11-19,2020,True,False,31,11.6607,-0.172094,15.3816,False,15.9072,0,0,-0.00693797,0.00829329,-0.00976572,-0.094979,0.0854684,0.355664,0,-0.00134858
2020-11-20,2020,True,False,31,11.8723,-0.085626,15.3816,False,15.9072,0,0,-0.00141265,0.00221389,-0.00216752,0.0328982,0.0400915,0.211588,0,-0.0453768
2020-11-21,2020,True,False,31,12.4975,0.169885,15.3816,False,15.9072,0,0,-0.00378689,-0.00488801,-0.00212023,-0.0986205,0.11196,0.625236,0,0.0718681
2020-11-22,2020,True,False,31,12.6342,0.22575,15.3816,False,15.9072,0,0,-0.00790275,0.00846277,-0.0107883,-0.208059,0.121796,0.136702,0,0.0098361
2020-11-23,2020,True,False,31,13.0412,0.392087,15.3816,False,15.9072,0,0,0.010796,-0.0055387,0.0126845,0.226984,0.0621824,0.407027,0,-0.0596134
2020-11-24,2020,True,False,31,14.1906,0.861815,15.3816,False,15.9072,0,0,-0.00135189,0.0195815,-0.00802859,-0.00970452,0.0981919,1.14943,0,0.0360095
2020-11-25,2020,True,False,31,14.1825,0.858499,15.3816,False,15.9072,0,0,0.0009026,-0.0102292,0.00439044,-0.120283,0.09453,-0.00811357,0,-0.00366189
2020-11-26,2020,True,False,31,14.754,1.09202,15.3816,False,15.9072,0.193548,0,-0.00389734,-0.0128518,0.000484723,-0.0513109,0.338417,0.571425,0.193548,0.243887
2020-11-27,2020,True,False,31,14.7764,1.10119,15.3816,False,15.9072,0.0645161,0,-0.00494721,-0.00972744,-0.00163046,-0.0765222,0.602072,0.0224471,-0.129032,0.263655
2020-11-28,2020,True,False,31,14.8827,1.14465,15.3816,False,15.9072,0.0645161,0,-0.00560273,-0.00361707,-0.00436942,-0.226794,0.514111,0.10634,0,-0.0879612
2020-11-29,2020,True,False,31,14.1078,0.82797,15.3816,False,15.9072,0.0645161,0,-0.00298733,0.000733428,-0.00323741,-0.154941,0.665702,-0.774918,0,0.151591
2020-11-30,2020,True,False,31,14.6022,1.03,15.3816,False,15.9072,0.0967742,0,0.0129015,0.00480976,0.0112615,0.0867785,0.564143,0.494365,0.0322581,-0.101559
2020-12-01,2020,True,False,31,14.4933,-0.304809,19.2129,False,19.4447,0,0,0.0056759,0.0149875,0.000565645,0.0554614,0.0687848,-0.108842,-0.0967742,-0.495358
2020-12-02,2020,True,False,31,14.8429,-0.161972,19.2129,False,19.4447,0,0,0.00775794,0.00934109,0.00457292,0.261726,0.11316,0.349525,0,0.0443748
2020-12-03,2020,True,False,31,14.3652,-0.357177,19.2129,False,19.4447,0,0,0.00875022,0.0140541,0.00395821,0.252201,0.262797,-0.477671,0,0.149637
2020-12-04,2020,True,False,31,14.1461,-0.446706,19.2129,False,19.4447,0,0.0322581,0.00722204,0.00728871,0.00473682,0.22236,0.355327,-0.219079,0,0.0925304
2020-12-05,2020,True,False,31,14.4159,-0.336448,19.2129,False,19.4447,0,0.0645161,6.23288e-06,0.00989732,-0.00336845,0.0405597,0.261392,0.269804,0,-0.0939349
2020-12-06,2020,True,False,31,13.8599,-0.563661,19.2129,False,19.4447,0,0.0322581,0.0197124,0.0217043,0.0123119,0.273605,0.195311,-0.555996,0,-0.0660811
2020-12-07,2020,True,False,31,14.5395,-0.285956,19.2129,False,19.4447,0,0,0.029263,0.038257,0.0162186,0.287674,0.26391,0.679552,0,0.0685987
2020-12-08,2020,True,False,31,14.3586,-0.35987,19.2129,False,19.4447,0,0,0.0201705,0.0371763,0.00749451,0.306139,0.42138,-0.180869,0,0.15747
2020-12-09,2020,True,False,31,14.9777,-0.106891,19.2129,False,19.4447,0,0,0.00702328,0.0167695,0.0013054,0.193274,0.518273,0.619045,0,0.0968928
2020-12-10,2020,True,False,31,14.1104,-0.461309,19.2129,False,19.4447,0,0.0322581,0.00491294,-0.00702173,0.00730713,0.138273,0.621633,-0.86727,0,0.10336
2020-12-11,2020,True,False,31,14.8162,-0.17288,19.2129,False,19.4447,0,0,-0.000168503,0.00246247,-0.00100813,-0.0384821,0.784411,0.705792,0,0.162778
2020-12-12,2020,True,False,31,14.8176,-0.172282,19.2129,False,19.4447,0,0,-0.00152374,-0.00669525,0.000759133,-0.0374402,1.66437,0.00146428,0,0.879961
2020-12-13,2020,True,False,31,14.62,-0.25306,19.2129,False,19.4447,0,0,0.00449709,0.00725651,0.00202284,-0.039506,1.08396,-0.197667,0,-0.580415
2020-12-14,2020,True,False,31,15.1899,-0.0201435,19.2129,False,19.4447,0,0,-0.000339922,0.00988792,-0.00371139,-0.130813,0.658162,0.569953,0,-0.425795
2020-12-15,2020,True,False,31,15.368,0.0526103,19.2129,False,19.4447,0.0322581,0.0322581,-0.00127976,0.0122801,-0.00546689,-0.0261236,0.448352,0.17803,0.0322581,-0.20981
2020-12-16,2020,True,False,31,15.5255,0.116991,19.2129,False,19.4447,0,0,0.00382526,0.00133245,0.00337094,0.0924108,0.413296,0.157542,-0.0322581,-0.0350561
2020-12-17,2020,True,False,31,16.0653,0.337588,19.2129,False,19.4447,0,0,0.00260407,0.00928476,-0.000561743,0.167705,0.154279,0.539805,0,-0.259017
2020-12-18,2020,True,False,31,16.9632,0.704505,19.2129,False,19.4447,0.0322581,0,0.012025,0.0224767,0.00436118,0.169705,0.316598,0.897854,0.0322581,0.16232
2020-12-19,2020,True,False,31,16.0309,0.323521,19.2129,False,19.4447,0,0,0.0274151,0.0351835,0.0154187,0.244216,0.635949,-0.932277,-0.0322581,0.31935
2020-12-20,2020,True,False,31,16.6889,0.592422,19.2129,False,19.4447,0.0322581,0,0.0128546,0.0257623,0.00407048,0.205069,1.40662,0.658008,0.0322581,0.770674
2020-12-21,2020,True,False,31,16.5349,0.529484,19.2129,False,19.4447,0,0,0.00134722,0.0268118,-0.00779477,-0.00784677,2.59063,-0.154012,-0.0322581,1.18401
2020-12-22,2020,True,False,31,16.6908,0.593191,19.2129,False,19.4447,0.0322581,0,0.00803673,0.0184911,0.00173185,0.0332507,2.16913,0.155894,0.0322581,-0.421501
2020-12-23,2020,True,False,31,17.7944,1.04419,19.2129,False,19.4447,0.193548,0,0.00938455,0.0083503,0.00653736,0.133465,2.06413,1.10361,0.16129,-0.105005
2020-12-24,2020,True,False,31,16.7706,0.625813,19.2129,False,19.4447,0.0322581,0,0.0176266,0.0344194,0.00589065,0.270002,1.7658,-1.02378,-0.16129,-0.298328
2020-12-25,2020,True,False,31,14.66,-0.236701,19.2129,False,19.4447,0,0,0.00891947,0.0264442,-9.71792e-05,0.0961147,1.00674,-2.11059,-0.0322581,-0.759061
2020-12-26,2020,True,False,31,14.9563,-0.115629,19.2129,False,19.4447,0,0,0.0161542,0.00415377,0.0147379,0.172718,0.87755,0.296266,0,-0.129189
2020-12-27,2020,True,False,31,14.9606,-0.11387,19.2129,False,19.4447,0,0,0.0205158,0.0251012,0.011957,0.171579,0.956635,0.00430404,0,0.0790854
2020-12-28,2020,True,False,31,14.4165,-0.336224,19.2129,False,19.4447,0,0,0.00795037,0.0234073,-3.07869e-05,0.10732,0.476561,-0.544104,0,-0.480074
2020-12-29,2020,True,False,31,14.0193,-0.498553,19.2129,False,19.4447,0,0,0.0126494,0.00247717,0.0118047,0.229068,0.314471,-0.397223,0,-0.16209
2020-12-30,2020,True,False,31,13.7209,-0.62048,19.2129,False,19.4447,0,0.0645161,0.00340971,0.0190436,-0.00308357,0.103483,0.139879,-0.298358,0,-0.174592
2020-12-31,2020,True,False,31,14.3561,-0.360906,19.2129,False,19.4447,0,0,0.0103736,-0.000492581,0.0105416,0.135954,0.0432316,0.635182,0,-0.0966474
2021-01-01,2020,True,False,31,15.3332,-0.935787,20.8597,False,21.6764,0,0,0.00572991,0.0130233,0.00128937,0.192267,0.0723574,0.977164,0,0.0291259
2021-01-02,2020,True,False,31,15.9517,-0.686279,20.8597,False,21.6764,0,0,0.0102529,0.0086457,0.00730498,0.259589,0.155087,0.618426,0,0.0827296
2021-01-03,2020,True,False,31,16.1718,-0.597486,20.8597,False,21.6764,0,0,0.00591858,0.0128298,0.00154403,0.19548,0.36112,0.22008,0,0.206033
2021-01-04,2020,True,False,31,16.3911,-0.508979,20.8597,False,21.6764,0,0,0.0106826,0.0150766,0.00554192,0.102796,0.743167,0.219372,0,0.382047
2021-01-05,2020,True,False,31,17.5806,-0.0290633,20.8597,False,21.6764,0,0,0.00122165,0.0162247,-0.00431048,0.061551,1.18311,1.18951,0,0.439941
2021-01-06,2020,True,False,31,16.3945,-0.507618,20.8597,False,21.6764,0,0,0.00586784,0.00586132,0.00386931,0.0697943,0.941156,-1.18614,0,-0.241952
2021-01-07,2020,True,False,31,17.3086,-0.138809,20.8597,False,21.6764,0,0,0.00148751,0.010412,-0.00206266,-0.066294,0.553032,0.914124,0,-0.388124
2021-01-08,2020,True,False,31,17.4355,-0.0876317,20.8597,False,21.6764,0,0,0.01547,0.0148564,0.0104044,0.442009,0.223289,0.126846,0,-0.329743
2021-01-09,2020,True,False,31,18.0475,0.159284,20.8597,False,21.6764,0,0,0.0155523,0.0159144,0.0101259,0.334276,0.0657102,0.612,0,-0.157579
2021-01-10,2020,True,False,31,18.5548,0.363952,20.8597,False,21.6764,0,0,-0.00422576,0.0154498,-0.00949366,0.151342,0.1593,0.507289,0,0.09359
2021-01-11,2020,True,False,31,18.1118,0.185251,20.8597,False,21.6764,0,0,-0.00174145,0.00527755,-0.00354093,0.170426,0.516965,-0.442926,0,0.357664
2021-01-12,2020,True,False,31,18.4431,0.318885,20.8597,False,21.6764,0,0,0.00125987,-0.00990918,0.00463859,0.0613865,0.674541,0.331223,0,0.157576
2021-01-13,2020,True,False,31,18.4915,0.338421,20.8597,False,21.6764,0,0,0.00581,0.00708566,0.003394,0.285053,0.703102,0.0484196,0,0.0285612
2021-01-14,2020,True,False,31,18.8458,0.481387,20.8597,False,21.6764,0.0645161,0,0.00793204,0.00752044,0.00536781,0.249765,0.661087,0.354353,0.0645161,-0.0420143
2021-01-15,2020,True,False,31,18.9825,0.536544,20.8597,False,21.6764,0,0,0.0270366,0.00180962,0.0264195,0.401068,0.941009,0.136713,-0.0645161,0.279922
2021-01-16,2020,True,False,31,19.5052,0.747433,20.8597,False,21.6764,0.0322581,0,0.013211,0.0386496,3.26684e-05,0.239061,1.09295,0.522707,0.0322581,0.151943
2021-01-17,2020,True,False,31,18.4443,0.319385,20.8597,False,21.6764,0,0,-0.003922,0.00847937,-0.0068132,-0.0502491,1.22862,-1.06095,-0.0322581,0.135672
2021-01-18,2020,True,False,31,16.9334,-0.290207,20.8597,False,21.6764,0,0,-0.00682209,-0.0014278,-0.00633526,-0.22156,1.81287,-1.51092,0,0.584251
2021-01-19,2020,True,False,31,16.5761,-0.434359,20.8597,False,21.6764,0,0,0.00584453,-0.00473045,0.00745747,-0.0627045,1.59521,-0.357293,0,-0.217662
2021-01-20,2020,True,False,31,16.7937,-0.346557,20.8597,False,21.6764,0,0,0.0104718,0.0176513,0.00445328,0.0716518,1.67392,0.217623,0,0.0787045
2021-01-21,2020,True,False,31,16.3567,-0.522868,20.8597,False,21.6764,0,0,0.0156341,0.0242822,0.00735463,0.189451,1.85899,-0.437001,0,0.185075
2021-01-22,2020,True,False,31,15.7909,-0.751156,20.8597,False,21.6764,0,0,0.00637423,0.0134209,0.00179811,0.18625,1.18682,-0.56583,0,-0.672175
2021-01-23,2020,True,False,31,15.675,-0.797905,20.8597,False,21.6764,0,0,-0.00121895,0.0084461,-0.00409881,-0.00723505,1.06357,-0.115871,0,-0.123246
2021-01-24,2020,True,False,31,16.1225,-0.61735,20.8597,False,21.6764,0,0,0.0164534,-0.00107337,0.0168194,0.243469,1.79155,0.447522,0,0.727976
2021-01-25,2020,True,False,31,16.0378,-0.651538,20.8597,False,21.6764,0,0.0322581,0.00443404,0.0188945,-0.00200839,0.0787327,1.85949,-0.0847397,0,0.0679485
2021-01-26,2020,True,False,31,16.8744,-0.314015,20.8597,False,21.6764,0,0,-0.00258194,0.0145876,-0.00755587,-0.0927127,1.553,0.83658,0,-0.306497
2021-01-27,2020,True,False,31,17.9532,0.121245,20.8597,False,21.6764,0,0,0.00398758,-0.000331357,0.00410057,0.0921034,1.26913,1.07883,0,-0.283867
2021-01-28,2020,True,False,31,18.6907,0.418812,20.8597,False,21.6764,0,0,0.00179416,0.00839818,-0.00106935,0.0500503,1.01547,0.737546,0,-0.253659
2021-01-29,2020,True,False,31,19.6774,0.816885,20.8597,False,21.6764,0.16129,0,-0.00198915,0.00303317,-0.00302337,-0.0787365,0.674955,0.986657,0.16129,-0.340516
2021-01-30,2020,True,False,31,20.0315,0.95974,20.8597,False,21.6764,0.193548,0,0.00954299,0.00215441,0.00880841,0.103219,1.24389,0.354079,0.0322581,0.568936
2021-01-31,2020,True,False,31,19.4871,0.740098,20.8597,False,21.6764,0.193548,0,0.017699,0.00862437,0.0147584,0.0804202,1.61398,-0.544402,0,0.370085
2021-02-01,2020,True,False,31,18.6166,1.3602,17.611,True,17.9677,0.580645,0,-0.00127832,0.0260252,-0.0101521,0.031896,1.97041,-0.870432,0.387097,0.35643
2021-02-02,2020,True,False,31,21.254,2.31435,17.611,True,17.9677,0.967742,0,0.0560705,0.00714892,0.053633,0.371348,2.81824,2.63741,0.387097,0.847838
2021-02-03,2020,True,False,31,21.4005,2.36732,17.611,True,17.9677,1,0,0.0276881,0.146823,-0.0223739,0.255803,3.71399,0.146412,0.0322581,0.895749
2021-02-04,2020,True,False,31,21.5793,2.43202,17.611,True,17.9677,1,0,0.0334426,0.0435172,0.0186046,0.0768128,3.57796,0.178851,0,-0.136035
2021-02-05,2020,True,False,31,22.5285,2.77541,17.611,True,17.9677,0.967742,0,0.00684613,0.0282546,-0.00278782,0.0583838,4.1677,0.949194,-0.0322581,0.589742
2021-02-06,2020,True,False,31,21.5668,2.42749,17.611,True,17.9677,1,0,-0.00546471,0.019776,-0.0122077,-0.156134,4.1312,-0.9617,0.0322581,-0.0365013
2021-02-07,2020,True,False,31,21.7928,2.50925,17.611,True,17.9677,1,0,0.0294167,0.0118684,0.02537,0.201597,3.92999,0.225996,0,-0.201212
2021-02-08,2020,True,False,31,21.5969,2.43837,17.611,True,17.9677,1,0,0.0600668,0.0559793,0.0409796,0.272079,4.81533,-0.195926,0,0.885338
2021-02-09,2020,True,False,31,19.7229,1.76041,17.611,True,17.9677,0.935484,0,0.0329909,0.0710259,0.00877325,0.113672,6.27251,-1.87399,-0.0645161,1.45719
2021-02-10,2020,True,False,31,17.9819,1.13056,17.611,True,17.9677,0.612903,0,0.0316123,0.0528624,0.0135879,0.180198,7.57859,-1.74102,-0.322581,1.30607
2021-02-11,2020,True,False,31,17.9109,1.1049,17.611,True,17.9677,0.451613,0,-0.00202076,0.0390256,-0.0153273,-0.0649813,7.25676,-0.0709288,-0.16129,-0.321828
2021-02-12,2020,True,False,31,15.9379,0.391122,17.611,False,17.9677,0,0,0.00437399,0.00196503,0.00370397,0.132994,6.85892,-1.973,-0.451613,-0.397843
2021-02-13,2020,True,False,31,15.2388,0.13819,17.611,False,17.9677,0,0,0.00370969,0.0180101,-0.00243121,0.0291922,5.66991,-0.699144,0,-1.18901
2021-02-14,2020,True,False,31,14.8654,0.00309009,17.611,False,17.9677,0,0,0.00914308,0.00309515,0.00808773,0.0914535,4.45479,-0.373438,0,-1.21512
2021-02-15,2020,True,False,31,15.0045,0.0534307,17.611,False,17.9677,0,0,0.01819,0.00736305,0.0156794,0.270798,3.99165,0.13915,0,-0.463141
2021-02-16,2020,True,False,31,14.1395,-0.259505,17.611,False,17.9677,0,0,0.0170121,0.0429068,0.00238219,0.324483,3.11294,-0.865005,0,-0.878714
2021-02-17,2020,True,False,31,14.0726,-0.283705,17.611,False,17.9677,0,0.0322581,0.00547699,0.0204277,-0.00148821,0.143398,2.29155,-0.0668911,0,-0.821386
2021-02-18,2020,True,False,31,14.3243,-0.192664,17.611,False,17.9677,0,0,0.00988661,0.00885898,0.00686597,0.216599,1.15663,0.251649,0,-1.13492
2021-02-19,2020,True,False,31,14.8034,-0.0193277,17.611,False,17.9677,0.0322581,0.0322581,0.00652754,0.0190458,3.35101e-05,0.219137,0.216827,0.479131,0.0322581,-0.939805
2021-02-20,2020,True,False,31,14.633,-0.080953,17.611,False,17.9677,0,0,-0.000544466,0.00444643,-0.00206056,0.206678,0.487313,-0.170342,-0.0322581,0.270486
2021-02-21,2020,True,False,31,13.4123,-0.522594,17.611,False,17.9677,0,0,0.00552431,-0.0068193,0.00784948,0.141943,0.546134,-1.22077,0,0.0588211
2021-02-22,2020,True,False,31,12.6535,-0.797109,17.611,False,17.9677,0,0.0967742,-0.00131033,0.0153829,-0.00655541,0.0508214,0.479811,-0.758804,0,-0.0663231
2021-02-23,2020,True,False,31,13.3447,-0.547051,17.611,False,17.9677,0,0,0.0185948,0.0285437,0.00886228,0.133691,0.471389,0.6912,0,-0.00842195
2021-02-24,2020,True,False,31,11.5784,-1.18604,17.611,False,17.9677,0,0.387097,-0.0106196,0.0357253,-0.0228008,0.0128176,0.516634,-1.76626,0,0.0452449
2021-02-25,2020,True,False,31,11.1875,-1.32744,17.611,False,17.9677,0,0.516129,-0.0507435,-0.026035,-0.0418663,-0.235715,0.490254,-0.390868,0,-0.0263802
2021-02-26,2020,True,False,31,10.1412,-1.706,17.611,False,17.9677,0,0.741935,-0.0129028,-0.0496797,0.00403647,-0.220096,0.279681,-1.04639,0,-0.210572
2021-02-27,2020,True,False,31,10.0862,-1.7259,17.611,False,17.9677,0,0.806452,0.00382959,-0.0113551,0.00770133,-0.119745,0.38525,-0.0550026,0,0.105568
2021-02-28,2020,True,False,31,11.1229,-1.35083,17.611,False,17.9677,0,0.548387,0.0041954,0.00359738,0.00296881,0.0259534,0.637695,1.03675,0,0.252445
2021-03-01,2020,True,False,31,10.1683,0.172251,13.5354,False,13.4534,0,0,-0.0130444,0.00220207,-0.0137952,-0.252704,0.704226,-0.954623,0,0.0665307
2021-03-02,2020,True,False,31,9.86363,0.0300446,13.5354,False,13.4534,0,0.0322581,-0.00414837,-0.00770668,-0.00152063,-0.167205,0.293137,-0.304651,0,-0.411088
2021-03-03,2020,True,False,31,10.9944,0.557866,13.5354,False,13.4534,0.0322581,0,0.018843,0.013771,0.0141475,0.117335,0.461726,1.13076,0.0322581,0.168589
2021-03-04,2020,True,False,31,11.4188,0.755989,13.5354,False,13.4534,0.0322581,0,0.0100226,0.0265189,0.000980506,0.181434,0.325648,0.42444,0,-0.136078
2021-03-05,2020,True,False,31,11.6461,0.862097,13.5354,False,13.4534,0.129032,0,0.000222487,0.0182471,-0.00599922,-0.047178,0.122253,0.227317,0.0967742,-0.203395
2021-03-06,2020,True,False,31,12.3947,1.2115,13.5354,False,13.4534,0.258065,0,0.0147064,0.0350863,0.00274306,0.0507052,0.0294376,0.748522,0.129032,-0.0928157
2021-03-07,2020,True,False,31,12.896,1.44549,13.5354,False,13.4534,0.419355,0,-0.0114269,0.0173318,-0.0173365,-0.0785328,0.0930813,0.501281,0.16129,0.0636437
2021-03-08,2020,True,False,31,13.0156,1.50133,13.5354,False,13.4534,0.322581,0,0.00416884,-0.0322117,0.015152,0.139883,0.158712,0.119621,-0.0967742,0.0656305
2021-03-09,2020,True,False,31,12.0894,1.06902,13.5354,False,13.4534,0.258065,0,0.0154715,0.0204053,0.00851392,0.125566,0.193229,-0.926132,-0.0645161,0.0345171
2021-03-10,2020,True,False,31,11.3314,0.715185,13.5354,False,13.4534,0.0645161,0,-0.0144725,0.0528543,-0.0324942,-0.149296,0.264295,-0.758023,-0.193548,0.0710663
2021-03-11,2020,True,False,31,10.1621,0.169381,13.5354,False,13.4534,0,0,0.0177343,-0.0273438,0.0270577,0.216663,0.185265,-1.16928,-0.0645161,-0.0790303
2021-03-12,2020,True,False,31,10.5727,0.361024,13.5354,False,13.4534,0.0645161,0,0.0356748,0.0405568,0.0218462,0.244313,0.108027,0.410558,0.0645161,-0.0772376
2021-03-13,2020,True,False,31,10.7055,0.423031,13.5354,False,13.4534,0.0645161,0,0.0223656,0.0451093,0.00698472,0.143065,0.0983938,0.132839,0,-0.00963346
2021-03-14,2020,True,False,31,9.15479,-0.300835,13.5354,False,13.4534,0,0.0322581,-0.000466468,0.0244741,-0.00881139,0.011981,0.0816961,-1.55075,-0.0645161,-0.0166977
2021-03-15,2020,True,False,31,8.1249,-0.78157,13.5354,False,13.4534,0,0.225806,-0.00290634,-0.00270907,-0.00198263,-0.00330404,0.038016,-1.02988,0,-0.0436801
2021-03-16,2020,True,False,31,8.00483,-0.837619,13.5354,False,13.4534,0,0.193548,0.00343389,-0.00896586,0.00649097,0.081771,0.122857,-0.120074,0,0.0848409
2021-03-17,2020,True,False,31,8.07048,-0.806976,13.5354,False,13.4534,0,0.16129,0.00908778,0.0151772,0.00391284,0.00460942,0.015182,0.0656474,0,-0.107675
2021-03-18,2020,True,False,31,7.82999,-0.919234,13.5354,False,13.4534,0,0.225806,0.012614,0.0193435,0.00601848,0.161555,0.00594646,-0.240491,0,-0.00923552
2021-03-19,2020,True,False,31,8.476,-0.617683,13.5354,False,13.4534,0,0.0967742,-0.00308342,0.0167722,-0.00880223,-0.0460166,0.00147555,0.646016,0,-0.00447091
2021-03-20,2020,True,False,31,8.83124,-0.45186,13.5354,False,13.4534,0,0.0322581,-0.0276633,-0.0114256,-0.0237675,-0.25545,0.00812839,0.355242,0,0.00665285
2021-03-21,2020,True,False,31,8.8888,-0.424996,13.5354,False,13.4534,0,0.129032,-0.0100681,-0.0470967,0.00599044,-0.152563,0.0678786,0.0575526,0,0.0597502
2021-03-22,2020,True,False,31,8.44551,-0.631916,13.5354,False,13.4534,0,0.129032,0.00664273,0.0042169,0.00520489,0.0351664,0.014248,-0.443288,0,-0.0536305
2021-03-23,2020,True,False,31,7.30615,-1.16375,13.5354,False,13.4534,0,0.483871,-0.000783935,0.0345401,-0.012561,-0.0334384,0.00242345,-1.13936,0,-0.0118246
2021-03-24,2020,True,False,31,7.45751,-1.0931,13.5354,False,13.4534,0,0.419355,0.00768432,0.00400964,0.00631716,-0.0426148,0.0154054,0.151364,0,0.0129819
2021-03-25,2020,True,False,31,7.10257,-1.25878,13.5354,False,13.4534,0,0.580645,0.007426,0.00808088,0.00467067,-0.0168888,0.0328039,-0.354937,0,0.0173986
2021-03-26,2020,True,False,31,7.35636,-1.14032,13.5354,False,13.4534,0,0.419355,0.00776283,0.0188353,0.00134059,0.0290758,0.0529811,0.253788,0,0.0201771
2021-03-27,2020,True,False,31,7.47722,-1.0839,13.5354,False,13.4534,0,0.387097,0.00325328,0.0160891,-0.00223259,0.0424912,0.314006,0.120857,0,0.261025
2021-03-28,2020,True,False,31,6.30585,-1.63068,13.5354,False,13.4534,0,0.741935,-0.00765287,-0.0133056,-0.00311609,-0.140797,0.382,-1.17137,0,0.0679941
2021-03-29,2020,True,False,31,5.39095,-2.05774,13.5354,False,13.4534,0,0.83871,-0.0150775,0.00938308,-0.0182769,-0.270423,0.339004,-0.914897,0,-0.0429961
2021-03-30,2020,True,False,31,6.07229,-1.7397,13.5354,False,13.4534,0,0.774194,-0.0124428,-0.00795099,-0.00973179,-0.275339,0.324854,0.681338,0,-0.01415
2021-03-31,2020,True,False,31,5.62867,-1.94678,13.5354,False,13.4534,0,0.903226,0.000773624,-0.00598202,0.00281331,-0.144961,0.083616,-0.443621,0,-0.241238
2021-10-31,2021,False,False,31,9.07359,,,False,,,,0.0034131,,,0.000935621,0.00729214,,,
2021-11-01,2021,True,False,31,9.06675,-1.23213,15.3816,False,15.9019,0,0.193548,-0.00865558,0.0124514,-0.0129011,-0.288062,0,-0.00683765,,-0.00729214
2021-11-02,2021,True,False,31,8.76759,-1.35439,15.3816,False,15.9019,0,0.258065,0.00810072,-0.00321416,0.00919665,0.0485679,0,-0.29916,0,0
2021-11-03,2021,True,False,31,9.11144,-1.21387,15.3816,False,15.9019,0,0.290323,0.000686997,0.0149746,-0.00441889,-0.0584016,0,0.343852,0,0
2021-11-04,2021,True,False,31,9.55462,-1.03276,15.3816,False,15.9019,0,0.0322581,0.00218153,0.00509576,0.000444039,0.00815621,0.000398376,0.443185,0,0.000398376
2021-11-05,2021,True,False,31,9.77922,-0.940972,15.3816,False,15.9019,0,0.129032,0.00672605,0.00542027,0.00487791,0.0892396,0.00109834,0.224594,0,0.000699962
2021-11-06,2021,True,False,31,11.1525,-0.379778,15.3816,False,15.9019,0,0,0.00839207,0.00412926,0.00698412,0.205268,0.0188796,1.37324,0,0.0177812
2021-11-07,2021,True,False,31,11.5315,-0.224883,15.3816,False,15.9019,0,0.0322581,0.0113182,0.0117633,0.00730732,0.167412,0.0891199,0.379028,0,0.0702404
2021-11-08,2021,True,False,31,11.3554,-0.296859,15.3816,False,15.9019,0,0,-0.00292411,-0.00534354,-0.00110213,-0.122276,0.0670258,-0.176125,0,-0.0220941
2021-11-09,2021,True,False,31,11.2215,-0.351568,15.3816,False,15.9019,0,0.0322581,-0.014832,0.0175221,-0.0208065,-0.32003,0.166311,-0.133873,0,0.0992854
2021-11-10,2021,True,False,31,11.2389,-0.344474,15.3816,False,15.9019,0,0,0.0196646,-0.0174082,0.0256002,0.103998,0.108196,0.0173591,0,-0.0581156
2021-11-11,2021,True,False,31,11.0337,-0.42832,15.3816,False,15.9019,0,0,0.00132451,0.00126147,0.000894383,-0.023781,0.0521357,-0.205172,0,-0.0560599
2021-11-12,2021,True,False,31,12.0192,-0.0255942,15.3816,False,15.9019,0,0,0.000489197,0.0218421,-0.00695828,-0.0574085,0.108213,0.985472,0,0.0560769
2021-11-13,2021,True,False,31,11.9132,-0.0688901,15.3816,False,15.9019,0,0,0.000140332,0.00266207,-0.000767352,0.0487488,0.135701,-0.105945,0,0.027488
2021-11-14,2021,True,False,31,12.349,0.109207,15.3816,False,15.9019,0,0,-0.00802031,0.00685162,-0.0103565,-0.178244,0.111978,0.435803,0,-0.0237228
2021-11-15,2021,True,False,31,12.7492,0.272747,15.3816,False,15.9019,0,0,0.00286322,-0.000606846,0.00307014,-0.104455,0.202477,0.400185,0,0.0904993
2021-11-16,2021,True,False,31,13.8629,0.727887,15.3816,False,15.9019,0.0645161,0,0.000707033,0.0106881,-0.00293726,-0.130444,0.180962,1.11373,0.0645161,-0.0215153
2021-11-17,2021,True,False,31,13.3083,0.501215,15.3816,False,15.9019,0.0645161,0,0.0019065,0.00290251,0.000916834,0.048881,0.368809,-0.554669,0,0.187847
2021-11-18,2021,True,False,31,12.8691,0.321754,15.3816,False,15.9019,0,0,0.00296313,0.0209918,-0.00419443,0.0981873,0.485575,-0.439142,-0.0645161,0.116765
2021-11-19,2021,True,False,31,12.6635,0.237745,15.3816,False,15.9019,0,0,-0.00788534,0.00862044,-0.0108246,-0.190859,0.638498,-0.20557,0,0.152924
2021-11-20,2021,True,False,31,12.2611,0.0732897,15.3816,False,15.9019,0,0,-0.00538858,0.00141436,-0.00587083,-0.205212,0.456564,-0.402422,0,-0.181934
2021-11-21,2021,True,False,31,12.0439,-0.0154612,15.3816,False,15.9019,0,0,0.00463965,-0.00351553,0.00583833,0.116922,0.534708,-0.217174,0,0.0781445
2021-11-22,2021,True,False,31,11.851,-0.0942929,15.3816,False,15.9019,0,0,0.00199412,0.00724304,-0.000475537,0.00901013,0.673223,-0.192901,0,0.138514
2021-11-23,2021,True,False,31,11.7024,-0.155033,15.3816,False,15.9019,0,0,-0.00479512,0.000843391,-0.00508269,-0.13801,0.584215,-0.148632,0,-0.0890081
2021-11-24,2021,True,False,31,12.2461,0.0671625,15.3816,False,15.9019,0.0322581,0,0.00149006,0.00319039,0.000402238,-0.0137453,0.528652,0.543714,0.0322581,-0.0555631
2021-11-25,2021,True,False,31,13.0241,0.385077,15.3816,False,15.9019,0,0,0.00307809,0.00663478,0.00081584,0.0449593,0.357795,0.777939,-0.0322581,-0.170857
2021-11-26,2021,True,False,31,13.1725,0.445745,15.3816,False,15.9019,0.0645161,0,0.00664725,0.00659848,0.00439737,0.126296,0.143199,0.148453,0.0645161,-0.214596
2021-11-27,2021,True,False,31,12.948,0.353988,15.3816,False,15.9019,0.0645161,0,0.0222407,0.0207871,0.015153,0.27974,0.0831293,-0.22453,0,-0.0600701
2021-11-28,2021,True,False,31,12.6343,0.225791,15.3816,False,15.9019,0,0,0.032465,0.0370622,0.0198279,0.384424,0.0299362,-0.313697,-0.0645161,-0.0531931
2021-11-29,2021,True,False,31,13.4733,0.568657,15.3816,False,15.9019,0.16129,0,0.0158634,0.0335469,0.0044249,0.249723,0.166123,0.838994,0.16129,0.136187
2021-11-30,2021,True,False,31,12.932,0.347455,15.3816,False,15.9019,0.0967742,0,0.0335267,0.038442,0.0204192,0.284958,0.273116,-0.541284,-0.0645161,0.106993
2021-12-01,2021,True,False,31,13.8719,-0.558784,18.0838,False,18.8877,0.0322581,0.16129,0.0777132,0.0517412,0.060071,0.332814,0.492896,0.939864,-0.0645161,0.21978
2021-12-02,2021,True,False,31,12.6073,-1.07555,18.0838,False,18.8877,0,0.419355,0.0210449,0.166835,-0.0358407,0.211623,0.80637,-1.26454,-0.0322581,0.313474
2021-12-03,2021,True,False,31,12.708,-1.03439,18.0838,False,18.8877,0,0.258065,0.00233779,0.028895,-0.0075145,-0.00907993,0.762135,0.100718,0,-0.0442356
2021-12-04,2021,True,False,31,13.0164,-0.908392,18.0838,False,18.8877,0,0.193548,-0.0154339,-0.000880334,-0.0151337,-0.18856,0.981235,0.308322,0,0.2191
2021-12-05,2021,True,False,31,12.1702,-1.25418,18.0838,False,18.8877,0,0.354839,0.0327201,0.00690744,0.0303649,0.291816,0.992294,-0.846156,0,0.0110597
2021-12-06,2021,True,False,31,11.7692,-1.41807,18.0838,False,18.8877,0,0.645161,0.0216774,0.0462849,0.00589569,0.341229,0.540889,-0.401046,0,-0.451406
2021-12-07,2021,True,False,31,12.0435,-1.30596,18.0838,False,18.8877,0,0.483871,0.00684746,0.0113111,0.00299073,0.111561,0.42139,0.27434,0,-0.119499
2021-12-08,2021,True,False,31,11.8783,-1.37349,18.0838,False,18.8877,0,0.580645,0.0148267,0.0190051,0.00834653,0.296575,0.254377,-0.165241,0,-0.167012
2021-12-09,2021,True,False,31,12.81,-0.992743,18.0838,False,18.8877,0,0.193548,0.0121138,0.0151407,0.00695127,0.103525,0.114984,0.931695,0,-0.139393
2021-12-10,2021,True,False,31,14.1533,-0.443785,18.0838,False,18.8877,0,0.0322581,0.0219379,0.0192038,0.01539,0.391185,0.231194,1.34331,0,0.11621
2021-12-11,2021,True,False,31,14.5753,-0.271322,18.0838,False,18.8877,0,0,0.00291087,0.0194373,-0.00371664,0.108569,0.351394,0.42202,0,0.120199
2021-12-12,2021,True,False,31,15.406,0.0681618,18.0838,False,18.8877,0,0,0.0224598,0.0101693,0.0189924,0.128743,0.528646,0.830725,0,0.177252
2021-12-13,2021,True,False,31,16.1741,0.382049,18.0838,False,18.8877,0.0322581,0,0.00855973,0.0231702,0.000659413,0.196798,0.611263,0.76809,0.0322581,0.0826164
2021-12-14,2021,True,False,31,15.5493,0.126714,18.0838,False,18.8877,0,0.0322581,-0.00863529,0.00349645,-0.00982747,-0.183401,0.775717,-0.624812,-0.0322581,0.164455
2021-12-15,2021,True,False,31,15.7603,0.212928,18.0838,False,18.8877,0,0,-0.00764059,-0.0155016,-0.00235503,-0.110992,0.834503,0.210969,0,0.0587859
2021-12-16,2021,True,False,31,16.8501,0.658297,18.0838,False,18.8877,0.0645161,0,0.00992755,-0.0134175,0.0145025,0.140116,0.806422,1.08983,0.0645161,-0.0280808
2021-12-17,2021,True,False,31,16.4937,0.512655,18.0838,False,18.8877,0.0322581,0,0.0148219,0.0357254,0.00264067,0.0270162,0.67297,-0.356389,-0.0322581,-0.133452
2021-12-18,2021,True,False,31,16.2709,0.421609,18.0838,False,18.8877,0.0645161,0,0.0059475,0.0393303,-0.00746291,-0.0885699,0.710763,-0.222793,0.0322581,0.0377921
2021-12-19,2021,True,False,31,16.7086,0.600467,18.0838,False,18.8877,0.129032,0,0.0340096,0.0257461,0.025231,0.225001,0.694514,0.437669,0.0645161,-0.016249
2021-12-20,2021,True,False,31,16.087,0.346452,18.0838,False,18.8877,0.0322581,0,0.0146884,0.0244423,0.00635436,0.209161,0.939532,-0.62158,-0.0967742,0.245018
2021-12-21,2021,True,False,31,16.8673,0.66531,18.0838,False,18.8877,0.16129,0,0.00134006,0.0256713,-0.00741307,0.166615,0.756068,0.780253,0.129032,-0.183463
2021-12-22,2021,True,False,31,16.8722,0.667345,18.0838,False,18.8877,0,0,0.0334756,0.0077136,0.0308455,0.416079,0.840208,0.00497881,-0.16129,0.0841396
2021-12-23,2021,True,False,31,16.6718,0.585432,18.0838,False,18.8877,0.0645161,0,0.0324375,0.046374,0.0166254,0.313801,1.01973,-0.200443,0.0645161,0.17952
2021-12-24,2021,True,False,31,16.9688,0.706812,18.0838,False,18.8877,0.0645161,0,0.0168068,0.0392556,0.00342192,0.168246,1.14038,0.297021,0,0.120652
2021-12-25,2021,True,False,31,18.0215,1.13702,18.0838,False,18.8877,0.225806,0,0.0272591,0.0147002,0.0222468,0.205362,1.22491,1.05272,0.16129,0.084526
2021-12-26,2021,True,False,31,18.9415,1.51295,18.0838,True,18.8877,0.516129,0,0.0106451,0.0212244,0.00340828,0.160019,1.33602,0.919926,0.290323,0.111114
2021-12-27,2021,True,False,31,17.9377,1.10274,18.0838,False,18.8877,0.193548,0,0.0286181,0.0135549,0.0239963,0.368157,1.38279,-1.0038,-0.322581,0.0467733
2021-12-28,2021,True,False,31,17.9448,1.10564,18.0838,False,18.8877,0.290323,0,0.0169563,0.00821445,0.0141555,0.183561,1.57137,0.00709672,0.0967742,0.188575
2021-12-29,2021,True,False,31,17.9448,1.10567,18.0838,False,18.8877,0.225806,0,0.0177048,0.0116426,0.0137351,0.197201,2.02769,6.75113e-05,-0.0645161,0.456319
2021-12-30,2021,True,False,31,20.2651,2.05388,18.0838,True,18.8877,0.806452,0,0.00712647,0.0272933,-0.00217969,0.141096,1.9803,2.32028,0.580645,-0.0473828
2021-12-31,2021,True,False,31,19.5371,1.75637,18.0838,True,18.8877,0.677419,0,0.00630065,0.0167393,0.000593073,0.0175158,1.54523,-0.727994,-0.129032,-0.435076
2022-01-01,2021,True,False,31,19.5907,0.781893,20.3864,False,21.0649,0.193548,0,0.00980887,0.0402049,-0.00389975,0.0307736,2.50616,0.0535471,-0.483871,0.96093
2022-01-02,2021,True,False,31,19.354,0.686396,20.3864,False,21.0649,0.225806,0,0.0202166,-0.00261871,0.0211095,-0.0413342,3.29845,-0.236697,0.0322581,0.79229
2022-01-03,2021,True,False,31,16.6349,-0.410609,20.3864,False,21.0649,0,0.0322581,0.0219324,0.0141086,0.0171218,0.0900537,3.26294,-2.71902,-0.225806,-0.0355102
2022-01-04,2021,True,False,31,18.0703,0.168498,20.3864,False,21.0649,0.0322581,0,0.000955936,0.0243152,-0.00733478,0.0738567,3.08173,1.43536,0.0322581,-0.181213
2022-01-05,2021,True,False,31,18.0619,0.165121,20.3864,False,21.0649,0.0645161,0,-0.00490081,-0.00550571,-0.00302353,-0.045215,2.5022,-0.00836856,0.0322581,-0.579522
2022-01-06,2021,True,False,31,17.5711,-0.0328953,20.3864,False,21.0649,0,0,-0.0266167,-0.0028192,-0.0256555,-0.303492,2.5281,-0.490801,-0.0645161,0.0258972
2022-01-07,2021,True,False,31,17.7969,0.0581913,20.3864,False,21.0649,0,0,0.00174896,-0.0186372,0.00810367,-0.0630165,2.47311,0.225766,0,-0.0549884
2022-01-08,2021,True,False,31,17.9771,0.130879,20.3864,False,21.0649,0.0322581,0,0.00351762,0.0227374,-0.00423515,-0.047514,1.86536,0.180164,0.0322581,-0.607749
2022-01-09,2021,True,False,31,19.6538,0.807361,20.3864,False,21.0649,0.129032,0,0.0303435,0.0265364,0.0212954,0.116456,1.23686,1.67672,0.0967742,-0.628502
2022-01-10,2021,True,False,31,19.7768,0.857005,20.3864,False,21.0649,0.258065,0,0.0257728,0.0476284,0.00953296,0.258062,1.29414,0.123046,0.129032,0.0572776
2022-01-11,2021,True,False,31,19.9548,0.928807,20.3864,False,21.0649,0.290323,0,0.0103523,0.0221339,0.0028053,-0.0103791,2.28851,0.177967,0.0322581,0.994373
2022-01-12,2021,True,False,31,20.0306,0.959373,20.3864,False,21.0649,0.258065,0,-0.00177117,0.014557,-0.00673465,-0.0280041,2.8331,0.0757609,-0.0322581,0.544584
2022-01-13,2021,True,False,31,20.4813,1.14124,20.3864,True,21.0649,0.419355,0,-0.0066279,-0.000160939,-0.00657302,-0.093684,2.01324,0.450783,0.16129,-0.81986
2022-01-14,2021,True,False,31,21.3363,1.48618,20.3864,True,21.0649,0.612903,0,0.0129762,-0.00905183,0.0160626,0.126655,1.58412,0.854946,0.193548,-0.429114
2022-01-15,2021,True,False,31,21.0071,1.35338,20.3864,True,21.0649,0.548387,0,-0.0261212,0.0037232,-0.0273907,-0.3833,3.12801,-0.329141,-0.0645161,1.54389
2022-01-16,2021,True,False,31,21.0927,1.3879,20.3864,True,21.0649,0.516129,0,-0.0035652,-0.0161961,0.00195716,-0.123228,4.14294,0.0855448,-0.0322581,1.01493
2022-01-17,2021,True,False,31,20.8989,1.30972,20.3864,True,21.0649,0.645161,0,-0.00607727,-0.00973411,-0.00275824,-0.107087,4.53338,-0.193765,0.129032,0.390439
2022-01-18,2021,True,False,31,20.3717,1.097,20.3864,False,21.0649,0.354839,0,0.00295768,-0.00174722,0.00355343,-0.0944602,4.47359,-0.527258,-0.290323,-0.0597948
2022-01-19,2021,True,False,31,20.6454,1.20745,20.3864,True,21.0649,0.354839,0,0.00341368,0.0220285,-0.00409737,-0.0825392,3.42853,0.273759,0,-1.04506
2022-01-20,2021,True,False,31,19.0279,0.55484,20.3864,False,21.0649,0.0645161,0,0.00472005,0.0248446,-0.00375119,-0.00293353,2.42654,-1.61754,-0.290323,-1.00199
2022-01-21,2021,True,False,31,19.6315,0.798381,20.3864,False,21.0649,0.258065,0,0.0124084,0.00981686,0.00906111,0.138855,2.88408,0.603637,0.193548,0.457543
2022-01-22,2021,True,False,31,19.9673,0.933867,20.3864,False,21.0649,0.290323,0,0.0314596,0.00746634,0.0289138,0.139188,3.5336,0.335811,0.0322581,0.649525
2022-01-23,2021,True,False,31,18.3891,0.297133,20.3864,False,21.0649,0.0322581,0,-0.00133348,0.0358404,-0.013554,-0.0428538,4.303,-1.5782,-0.258065,0.769394
2022-01-24,2021,True,False,31,18.6625,0.407408,20.3864,False,21.0649,0.0322581,0,-0.00594851,0.0127195,-0.0102855,-0.0300146,3.63122,0.273327,0,-0.671779
2022-01-25,2021,True,False,31,18.1519,0.201421,20.3864,False,21.0649,0.0322581,0,-0.00784626,-0.00564171,-0.00592261,-0.109002,3.48949,-0.510557,0,-0.141728
2022-01-26,2021,True,False,31,19.0191,0.551288,20.3864,False,21.0649,0.0322581,0,-0.000161322,0.0015603,-0.000693334,-0.0240275,3.62997,0.867174,0,0.140479
2022-01-27,2021,True,False,31,20.2594,1.05169,20.3864,False,21.0649,0.451613,0,-0.00548971,0.00123259,-0.00590998,-0.0569892,2.72682,1.2403,0.419355,-0.90315
2022-01-28,2021,True,False,31,19.7856,0.860528,20.3864,False,21.0649,0.193548,0,0.0191411,0.0144156,0.0142258,0.105813,1.89964,-0.473824,-0.258065,-0.827178
2022-01-29,2021,True,False,31,19.8625,0.891553,20.3864,False,21.0649,0.258065,0,0.022998,0.047625,0.00675937,0.0996391,2.51963,0.0768993,0.0645161,0.619984
2022-01-30,2021,True,False,31,19.5057,0.747616,20.3864,False,21.0649,0.225806,0,0.0116551,0.00826678,0.00883633,0.0150833,3.93526,-0.35676,-0.0322581,1.41563
2022-01-31,2021,True,False,31,18.8336,0.476436,20.3864,False,21.0649,0.129032,0,0.00515078,0.0338492,-0.00639077,-0.000486978,4.73844,-0.672143,-0.0967742,0.803186
2022-02-01,2021,True,False,31,18.3024,1.24652,18.3498,False,19.0257,0.322581,0,0.00592716,-0.00352774,0.00713001,0.151287,5.17719,-0.531158,0.193548,0.43875
2022-02-02,2021,True,False,31,18.1393,1.1875,18.3498,False,19.0257,0.258065,0,-0.00956608,-0.0128758,-0.00517584,-0.0968911,4.04989,-0.16314,-0.0645161,-1.1273
2022-02-03,2021,True,False,31,18.2302,1.22039,18.3498,False,19.0257,0.322581,0,-0.00532918,-0.0284508,0.00437166,-0.140148,2.41097,0.0909203,0.0645161,-1.63892
2022-02-04,2021,True,False,31,18.0936,1.17099,18.3498,False,19.0257,0.290323,0,-0.00184615,-0.00453892,-0.000298524,-0.023124,1.29235,-0.136564,-0.0322581,-1.11862
2022-02-05,2021,True,False,31,16.3484,0.539613,18.3498,False,19.0257,0.0322581,0,0.000664773,0.00514522,-0.00108959,-0.0552246,0.905122,-1.74522,-0.258065,-0.387231
2022-02-06,2021,True,False,31,16.8618,0.725366,18.3498,False,19.0257,0.0967742,0,0.00290838,0.00969614,-0.000397701,-0.0137906,0.707569,0.51345,0.0645161,-0.197553
2022-02-07,2021,True,False,31,16.5712,0.620216,18.3498,False,19.0257,0.0645161,0,-0.00392166,0.0449893,-0.0192616,-0.186506,0.72703,-0.290651,-0.0322581,0.0194611
2022-02-08,2021,True,False,31,16.2344,0.498358,18.3498,False,19.0257,0.0322581,0,-0.0148883,-0.0132801,-0.0103602,-0.205517,1.90886,-0.336833,-0.0322581,1.18183
2022-02-09,2021,True,False,31,15.7733,0.331575,18.3498,False,19.0257,0,0,-0.00510921,-0.00574925,-0.00314889,-0.102456,2.33867,-0.461016,-0.0322581,0.429808
2022-02-10,2021,True,False,31,14.1986,-0.238112,18.3498,False,19.0257,0,0,-0.0291141,0.000919974,-0.0294278,-0.270676,2.6092,-1.57471,0,0.270537
2022-02-11,2021,True,False,31,15.1035,0.0892554,18.3498,False,19.0257,0,0,-0.0072474,-0.0384569,0.00586521,-0.13414,1.90104,0.904896,0,-0.708165
2022-02-12,2021,True,False,31,14.5136,-0.124156,18.3498,False,19.0257,0,0,0.0205413,0.0118396,0.0165044,0.173972,1.37858,-0.589905,0,-0.522455
2022-02-13,2021,True,False,31,13.5835,-0.460641,18.3498,False,19.0257,0,0.0645161,-0.00477564,0.00887812,-0.00780281,-0.0575988,1.28903,-0.930098,0,-0.0895578
2022-02-14,2021,True,False,31,12.5771,-0.824757,18.3498,False,19.0257,0,0.0645161,-0.0136309,-0.00185958,-0.0129969,-0.118832,1.06241,-1.00647,0,-0.226619
2022-02-15,2021,True,False,31,14.3153,-0.195888,18.3498,False,19.0257,0,0,-0.00697688,-0.0200601,-0.000137018,-0.137255,0.916308,1.7383,0,-0.146098
2022-02-16,2021,True,False,31,16.3194,0.529137,18.3498,False,19.0257,0,0,0.00408937,-0.00549408,0.00596268,0.00771565,1.35158,2.00409,0,0.43527
2022-02-17,2021,True,False,31,18.7295,1.40102,18.3498,True,19.0257,0.354839,0,0.0049963,0.0295926,-0.00509385,-0.107364,1.9342,2.41002,0.354839,0.582618
2022-02-18,2021,True,False,31,17.1324,0.823241,18.3498,False,19.0257,0.16129,0,0.00147544,0.0347577,-0.0103759,-0.157897,1.97185,-1.59707,-0.193548,0.0376497
2022-02-19,2021,True,False,31,17.2746,0.8747,18.3498,False,19.0257,0.129032,0,0.00623945,0.0197912,-0.000508732,0.115797,2.56156,0.14224,-0.0322581,0.589714
2022-02-20,2021,True,False,31,15.7106,0.308876,18.3498,False,19.0257,0,0,0.00441515,0.00860534,0.00148099,0.0834469,3.19621,-1.56403,-0.129032,0.634646
2022-02-21,2021,True,False,31,15.1951,0.122366,18.3498,False,19.0257,0,0,0.00215872,0.0139502,-0.00259787,0.0123033,3.22686,-0.515544,0,0.0306512
2022-02-22,2021,True,False,31,14.2921,-0.204315,18.3498,False,19.0257,0,0,0.00533492,-0.012151,0.00947804,0.17808,2.18167,-0.902999,0,-1.04518
2022-02-23,2021,True,False,31,12.9753,-0.680665,18.3498,False,19.0257,0,0.0645161,-0.0159939,0.0183285,-0.0222434,-0.034793,1.78825,-1.31671,0,-0.39342
2022-02-24,2021,True,False,31,13.13,-0.624714,18.3498,False,19.0257,0,0.0322581,-0.00621056,-0.0141562,-0.00138374,-0.049772,0.73357,0.154659,0,-1.05468
2022-02-25,2021,True,False,31,13.3368,-0.549895,18.3498,False,19.0257,0,0.0645161,0.0130031,-0.00769814,0.0156279,0.0138023,0.773905,0.20681,0,0.040335
2022-02-26,2021,True,False,31,13.119,-0.628682,18.3498,False,19.0257,0,0,0.0292722,0.0285503,0.0195374,0.256826,0.53793,-0.217779,0,-0.235975
2022-02-27,2021,True,False,31,13.0572,-0.651043,18.3498,False,19.0257,0,0.0322581,0.0025725,0.0422691,-0.0118399,0.0981322,0.609868,-0.0618088,0,0.0719379
2022-02-28,2021,True,False,31,13.2284,-0.589099,18.3498,False,19.0257,0,0,0.0138245,0.020652,0.00678278,0.0544005,0.494517,0.171223,0,-0.115351
2022-03-01,2021,True,False,31,13.5323,1.74253,12.8864,True,13.0401,0.612903,0,0.0122106,0.0203895,0.00525847,0.117195,0.631031,0.303847,0.612903,0.136514
2022-03-02,2021,True,False,31,14.6005,2.24115,12.8864,True,13.0401,0.870968,0,0.0066931,0.024122,-0.00153175,0.0861873,0.431411,1.06822,0.258065,-0.199619
2022-03-03,2021,True,False,31,14.8619,2.36318,12.8864,True,13.0401,0.806452,0,-0.00473057,0.011288,-0.00857942,-0.103851,0.590031,0.261415,-0.0645161,0.15862
2022-03-04,2021,True,False,31,15.0467,2.44943,12.8864,True,13.0401,0.935484,0,-0.0172236,0.0058876,-0.0192311,-0.233167,0.562986,0.184766,0.129032,-0.0270458
2022-03-05,2021,True,False,31,13.7589,1.8483,12.8864,True,13.0401,0.612903,0,0.00244074,-0.00428021,0.00390016,0.0927803,0.585082,-1.2878,-0.322581,0.0220965
2022-03-06,2021,True,False,31,12.5448,1.28155,12.8864,False,13.0401,0.387097,0,0.0075616,0.00797898,0.00484101,0.0956012,0.976109,-1.21414,-0.225806,0.391027
2022-03-07,2021,True,False,31,11.9413,0.999861,12.8864,False,13.0401,0.193548,0,0.00581813,0.00879703,0.00281861,0.139276,1.73272,-0.603471,-0.193548,0.756609
2022-03-08,2021,True,False,31,9.81941,0.00940027,12.8864,False,13.0401,0,0,0.00101073,0.0125902,-0.00328215,-0.0608966,1.53132,-2.12187,-0.193548,-0.201394
2022-03-09,2021,True,False,31,8.61526,-0.552677,12.8864,False,13.0401,0,0,-0.00580601,0.0118287,-0.00983923,-0.0726057,1.28303,-1.20414,0,-0.248291
2022-03-10,2021,True,False,31,8.93288,-0.404418,12.8864,False,13.0401,0,0.0322581,-0.0173209,0.0113034,-0.021175,-0.264809,1.1131,0.317617,0,-0.169932
2022-03-11,2021,True,False,31,8.62798,-0.546739,12.8864,False,13.0401,0,0.0645161,0.0104757,-0.0143653,0.0153738,0.0738843,0.0852536,-0.304896,0,-1.02785
2022-03-12,2021,True,False,31,8.38103,-0.662012,12.8864,False,13.0401,0,0.0967742,-0.0130086,0.0176781,-0.0190363,-0.13362,0.00572515,-0.246949,0,-0.0795284
2022-03-13,2021,True,False,31,8.99306,-0.376327,12.8864,False,13.0401,0,0.0322581,0.00930842,-0.0180844,0.0154746,0.0859644,0.000800703,0.612025,0,-0.00492445
2022-03-14,2021,True,False,31,8.15219,-0.768834,12.8864,False,13.0401,0,0.129032,0.00341448,0.0203303,-0.00351751,0.0911643,0.000216286,-0.840871,0,-0.000584417
2022-03-15,2021,True,False,31,8.68778,-0.518829,12.8864,False,13.0401,0,0.0967742,0.00589958,0.00705548,0.00349389,0.228686,0,0.535587,0,-0.000216286
2022-03-16,2021,True,False,31,9.01791,-0.364726,12.8864,False,13.0401,0.0322581,0.129032,-0.00135967,0.00669651,-0.00364297,-0.0491284,0.000173024,0.330136,0.0322581,0.000173024
2022-03-17,2021,True,False,31,9.98513,0.0867562,12.8864,False,13.0401,0.0322581,0,0.013881,-0.00520232,0.0156548,0.0712976,0.0124182,0.967214,0,0.0122451
2022-03-18,2021,True,False,31,9.43416,-0.170428,12.8864,False,13.0401,0,0.0322581,0.0167805,0.0272144,0.0075012,0.0804128,0.00853714,-0.550968,-0.0322581,-0.00388102
2022-03-19,2021,True,False,31,9.75071,-0.0226656,12.8864,False,13.0401,0,0.0645161,-0.00598292,0.0289895,-0.0158675,-0.186996,0.0037727,0.316553,0,-0.00476445
2022-03-20,2021,True,False,31,9.48909,-0.144789,12.8864,False,13.0401,0,0.0645161,-0.0161869,0.00303373,-0.0172213,-0.313645,0.000596722,-0.261626,0,-0.00317597
2022-03-21,2021,True,False,31,9.45444,-0.160963,12.8864,False,13.0401,0.0322581,0.0322581,-0.0230756,-0.0274256,-0.0137243,-0.464395,0.0447155,-0.0346495,0.0322581,0.0441188
2022-03-22,2021,True,False,31,8.90748,-0.416272,12.8864,False,13.0401,0,0.0645161,-0.0161518,-0.0218408,-0.00870476,-0.197238,0.184618,-0.546951,-0.0322581,0.139902
2022-03-23,2021,True,False,31,10.0208,0.103402,12.8864,False,13.0401,0,0,-0.0240867,-0.00476721,-0.0224612,-0.2053,0.549889,1.1133,0,0.365271
2022-03-24,2021,True,False,31,8.67308,-0.52569,12.8864,False,13.0401,0,0.0645161,0.00136063,-0.00757705,0.00394417,-0.141331,0.481723,-1.34771,0,-0.0681662
2022-03-25,2021,True,False,31,8.75246,-0.488635,12.8864,False,13.0401,0,0,-0.00709108,0.00316188,-0.00816918,-0.147636,0.656924,0.0793829,0,0.175201
2022-03-26,2021,True,False,31,9.29519,-0.235296,12.8864,False,13.0401,0,0,-0.00356142,-0.0086158,-0.000623704,-0.100045,0.322105,0.542731,0,-0.334819
2022-03-27,2021,True,False,31,8.79622,-0.468208,12.8864,False,13.0401,0,0,-0.00940797,-0.00246525,-0.0085674,-0.102843,0.0374884,-0.49897,0,-0.284616
2022-03-28,2021,True,False,31,7.90054,-0.886302,12.8864,False,13.0401,0,0.193548,-0.00202694,-0.00930062,0.00114428,-0.0541631,0.012682,-0.895686,0,-0.0248064
2022-03-29,2021,True,False,31,7.14615,-1.23844,12.8864,False,13.0401,0,0.451613,-0.000631926,0.0052034,-0.00240612,-0.10906,0.000436425,-0.754389,0,-0.0122456
2022-03-30,2021,True,False,31,7.63982,-1.008,12.8864,False,13.0401,0,0.129032,0.0014543,0.00797726,-0.0012657,-0.0890856,0.000602825,0.493675,0,0.000166401
2022-03-31,2021,True,False,31,7.4278,-1.10697,12.8864,False,13.0401,0,0.225806,0.0103148,0.00912549,0.0072033,0.0309725,0.000482005,-0.212019,0,-0.00012082
2022-10-31,2022,False,False,31,8.56697,,,False,,,,-0.000159873,,,-0.0991511,0.0338989,,,
2022-11-01,2022,True,False,31,8.81482,-1.33509,14.8078,False,15.3473,0,0.354839,-0.0123558,-0.0186144,-0.00600886,-0.309542,0.0543711,0.247852,,0.0204722
2022-11-02,2022,True,False,31,8.63129,-1.41009,14.8078,False,15.3473,0,0.419355,0.0104657,-0.0149585,0.0155661,0.0756038,0.0808315,-0.183531,0,0.0264604
2022-11-03,2022,True,False,31,10.6991,-0.565055,14.8078,False,15.3473,0,0.0322581,-0.00226172,0.0151501,-0.00742743,-0.184897,0.147608,2.0678,0,0.0667766
2022-11-04,2022,True,False,31,11.4085,-0.275135,14.8078,False,15.3473,0,0,-0.00561176,-0.000246365,-0.00552775,-0.125062,0.293824,0.709434,0,0.146216
2022-11-05,2022,True,False,31,12.9136,0.33993,14.8078,False,15.3473,0,0,0.024855,0.00222801,0.0240953,0.294756,0.406073,1.50507,0,0.112249
2022-11-06,2022,True,False,31,13.6356,0.634992,14.8078,False,15.3473,0.129032,0,0.00982925,0.0252323,0.00122581,-0.0747988,0.518866,0.722017,0.129032,0.112793
2022-11-07,2022,True,False,31,14.3953,0.945466,14.8078,False,15.3473,0.354839,0,0.00304197,0.00861387,0.000104911,0.00286197,0.702489,0.759732,0.225806,0.183623
2022-11-08,2022,True,False,31,13.8723,0.731723,14.8078,False,15.3473,0.258065,0,-0.00623212,0.00998266,-0.0096359,-0.160039,0.918465,-0.523031,-0.0967742,0.215976
2022-11-09,2022,True,False,31,14.3042,0.908201,14.8078,False,15.3473,0.129032,0,-0.0105518,-0.00668822,-0.00827134,-0.276116,0.895244,0.431842,-0.129032,-0.0232204
2022-11-10,2022,True,False,31,15.0028,1.19369,14.8078,True,15.3473,0.451613,0,-0.00398109,-0.0106008,-0.000366557,-0.104367,0.921091,0.6986,0.322581,0.0258472
2022-11-11,2022,True,False,31,14.6386,1.04487,14.8078,False,15.3473,0.322581,0,0.00573404,-0.000979309,0.00606795,0.107286,0.735425,-0.364172,-0.129032,-0.185666
2022-11-12,2022,True,False,31,14.8705,1.13963,14.8078,True,15.3473,0.387097,0,-0.0121854,0.00134329,-0.0126434,-0.118346,0.89654,0.23188,0.0645161,0.161115
2022-11-13,2022,True,False,31,13.6873,0.656099,14.8078,False,15.3473,0.225806,0,-0.0104006,-0.0138919,-0.00566387,-0.192187,1.53298,-1.1832,-0.16129,0.636445
2022-11-14,2022,True,False,31,13.4149,0.54481,14.8078,False,15.3473,0.0322581,0,0.000380176,-0.00269027,0.00129748,-0.0800297,2.1317,-0.272324,-0.193548,0.598714
2022-11-15,2022,True,False,31,13.074,0.40549,14.8078,False,15.3473,0.0967742,0,0.0140822,0.0078431,0.0114079,0.0351585,2.52065,-0.340918,0.0645161,0.38895
2022-11-16,2022,True,False,31,12.3001,0.0892156,14.8078,False,15.3473,0,0,-0.0102697,0.00265189,-0.0111739,-0.2912,2.19742,-0.773923,-0.0967742,-0.323227
2022-11-17,2022,True,False,31,12.4805,0.162925,14.8078,False,15.3473,0.0645161,0.0322581,0.00696919,-0.00765418,0.00957903,-0.0899699,1.32172,0.180368,0.0645161,-0.875703
2022-11-18,2022,True,False,31,12.3211,0.097804,14.8078,False,15.3473,0.0322581,0,-0.000566871,0.0310352,-0.0111489,-0.0149651,0.784477,-0.159352,-0.0322581,-0.537241
2022-11-19,2022,True,False,31,11.9007,-0.0740184,14.8078,False,15.3473,0.0322581,0,0.00644122,-0.00280435,0.00739742,-0.0132448,0.180722,-0.42045,0,-0.603755
2022-11-20,2022,True,False,31,12.394,0.127601,14.8078,False,15.3473,0,0,0.015567,0.0245927,0.00718161,0.311002,0.0671975,0.493363,-0.0322581,-0.113524
2022-11-21,2022,True,False,31,13.1344,0.430182,14.8078,False,15.3473,0.0322581,0,0.00602574,0.0167519,0.000313851,0.173575,0.0634832,0.740417,0.0322581,-0.00371426
2022-11-22,2022,True,False,31,13.0452,0.393698,14.8078,False,15.3473,0.0967742,0,0.00839417,0.00724536,0.00592373,0.167141,0.105021,-0.0892755,0.0645161,0.0415376
2022-11-23,2022,True,False,31,15.2457,1.29297,14.8078,True,15.3473,0.451613,0,0.0162889,0.00883354,0.0132769,0.277838,0.134573,2.20052,0.354839,0.0295526
2022-11-24,2022,True,False,31,15.6921,1.4754,14.8078,True,15.3473,0.516129,0,0.00206613,0.014114,-0.0027463,0.0564016,0.345579,0.446397,0.0645161,0.211005
2022-11-25,2022,True,False,31,15.9788,1.59258,14.8078,True,15.3473,0.645161,0,-0.0239251,0.0156609,-0.0292649,-0.226664,0.60675,0.286741,0.129032,0.261171
2022-11-26,2022,True,False,31,15.3144,1.32103,14.8078,True,15.3473,0.516129,0,0.00156507,-0.0253118,0.0101956,0.00244578,0.964355,-0.664465,-0.129032,0.357605
2022-11-27,2022,True,False,31,15.3679,1.34293,14.8078,True,15.3473,0.548387,0,0.00779073,0.00861997,0.00485159,0.04671,1.17709,0.0535758,0.0322581,0.212731
2022-11-28,2022,True,False,31,15.9557,1.58312,14.8078,True,15.3473,0.612903,0,0.0129442,0.0419174,-0.00134832,0.0175121,0.910726,0.587739,0.0645161,-0.26636
2022-11-29,2022,True,False,31,15.5043,1.39867,14.8078,True,15.3473,0.645161,0,0.033634,0.0411943,0.019588,0.250177,0.814608,-0.451327,0.0322581,-0.0961177
2022-11-30,2022,True,False,31,16.0082,1.6046,14.8078,True,15.3473,0.645161,0,0.0394323,0.098459,0.00586086,0.222161,0.805807,0.503901,0,-0.00880094
2022-12-01,2022,True,False,31,16.0483,0.330619,17.928,False,18.3281,0.129032,0,0.0468026,0.0561689,0.0276507,0.276623,0.664756,0.0400135,-0.516129,-0.141051
2022-12-02,2022,True,False,31,15.4789,0.0979371,17.928,False,18.3281,0.0967742,0.0322581,-0.00153259,0.053827,-0.0198859,0.0154985,0.721857,-0.569378,-0.0322581,0.0571002
2022-12-03,2022,True,False,31,14.8302,-0.167147,17.928,False,18.3281,0,0,-0.00197224,-0.0129645,0.00244825,-0.0473137,0.588852,-0.648666,-0.0967742,-0.133004
2022-12-04,2022,True,False,31,14.3167,-0.377002,17.928,False,18.3281,0,0.0645161,0.0068774,0.00209346,0.00616359,0.0412861,0.460322,-0.51352,0,-0.12853
2022-12-05,2022,True,False,31,14.7986,-0.180063,17.928,False,18.3281,0.0322581,0.0322581,-0.00149692,0.0243729,-0.00980734,-0.0249575,0.361033,0.481913,0.0322581,-0.099289
2022-12-06,2022,True,False,31,14.3343,-0.369797,17.928,False,18.3281,0,0,-0.0137148,-0.000557628,-0.0135247,-0.104868,0.310807,-0.464283,-0.0322581,-0.0502257
2022-12-07,2022,True,False,31,16.2313,0.40541,17.928,False,18.3281,0.0967742,0,0.00421078,-0.0166565,0.00989014,0.00756721,0.372164,1.89695,0.0967742,0.0613563
2022-12-08,2022,True,False,31,17.3054,0.844373,17.928,False,18.3281,0.258065,0,-0.00139046,-0.00551015,0.000488333,0.0300993,0.488583,1.07415,0.16129,0.116419
2022-12-09,2022,True,False,31,17.922,1.09634,17.928,False,18.3281,0.354839,0,-0.00955626,-0.0197955,-0.00280662,-0.1052,0.502205,0.616558,0.0967742,0.0136219
2022-12-10,2022,True,False,31,17.8992,1.08704,17.928,False,18.3281,0.451613,0,-0.00188832,-0.0137097,0.00278627,-0.0718669,0.588038,-0.0227418,0.0967742,0.0858332
2022-12-11,2022,True,False,31,19.8489,1.8838,17.928,True,18.3281,0.903226,0,5.57162e-05,-0.00460176,0.00162478,0.0309396,0.764206,1.94968,0.451613,0.176168
2022-12-12,2022,True,False,31,21.8486,2.70098,17.928,True,18.3281,0.935484,0,-0.0123212,-0.0162042,-0.00679612,-0.150461,1.27555,1.99967,0.0322581,0.511341
2022-12-13,2022,True,False,31,22.7899,3.08567,17.928,True,18.3281,1,0,-0.00928526,-0.027874,0.00021891,-0.234158,1.89165,0.941328,0.0645161,0.616105
2022-12-14,2022,True,False,31,21.8201,2.68934,17.928,True,18.3281,0.935484,0,-0.00828686,-0.0214453,-0.000974681,-0.114224,2.628,-0.969817,-0.0645161,0.736345
2022-12-15,2022,True,False,31,21.3994,2.5174,17.928,True,18.3281,1,0,-0.0078825,0.00215762,-0.00861819,-0.157476,3.15418,-0.420732,0.0645161,0.526177
2022-12-16,2022,True,False,31,20.6671,2.21816,17.928,True,18.3281,0.967742,0,0.0518773,0.0576118,0.0322334,0.0338741,3.3762,-0.732249,-0.0322581,0.222029
2022-12-17,2022,True,False,31,19.5088,1.74479,17.928,True,18.3281,0.677419,0,0.0609014,0.116127,0.0213058,0.00950776,3.92709,-1.15835,-0.290323,0.550885
2022-12-18,2022,True,False,31,17.1512,0.781349,17.928,False,18.3281,0.193548,0,0.0696565,0.0753849,0.0439525,0.253587,4.53668,-2.35756,-0.483871,0.60959
2022-12-19,2022,True,False,31,15.4081,0.0690025,17.928,False,18.3281,0.0645161,0,0.0408104,0.0794473,0.0137213,0.301638,5.64169,-1.74313,-0.129032,1.10501
2022-12-20,2022,True,False,31,14.6654,-0.234517,17.928,False,18.3281,0.0322581,0.0322581,0.00807412,0.057969,-0.0116915,0.0582153,7.36757,-0.742719,-0.0322581,1.72587
2022-12-21,2022,True,False,31,13.1675,-0.846618,17.928,False,18.3281,0,0.16129,0.0252438,0.0244204,0.0169172,0.306166,7.48161,-1.49782,-0.0322581,0.114041
2022-12-22,2022,True,False,31,12.2314,-1.22916,17.928,False,18.3281,0,0.419355,0.0215266,0.0510157,0.00413183,0.309129,4.97477,-0.936084,0,-2.50684
2022-12-23,2022,True,False,31,11.9434,-1.34688,17.928,False,18.3281,0,0.516129,0.00497575,0.0149253,-0.000113303,0.0194369,2.76818,-0.288064,0,-2.20659
2022-12-24,2022,True,False,31,11.6084,-1.48377,17.928,False,18.3281,0,0.645161,0.0105074,0.0164942,0.00488339,0.130546,1.19596,-0.334964,0,-1.57222
2022-12-25,2022,True,False,31,12.0836,-1.28957,17.928,False,18.3281,0,0.451613,0.020449,0.021888,0.0129858,0.262268,0.546335,0.475192,0,-0.649626
2022-12-26,2022,True,False,31,12.7409,-1.02097,17.928,False,18.3281,0,0.290323,0.0206589,0.0256641,0.0119082,0.37377,0.322797,0.657288,0,-0.223539
2022-12-27,2022,True,False,31,13.3011,-0.792022,17.928,False,18.3281,0,0.129032,0.00735618,0.016574,0.00170495,0.211003,0.396459,0.560229,0,0.0736627
2022-12-28,2022,True,False,31,13.8497,-0.567845,17.928,False,18.3281,0,0.0967742,0.0207127,0.0108199,0.0170235,0.240578,0.433188,0.548567,0,0.0367287
2022-12-29,2022,True,False,31,14.3677,-0.356178,17.928,False,18.3281,0,0.0322581,0.0156206,0.0239893,0.00744097,0.184559,0.500393,0.517954,0,0.0672049
2022-12-30,2022,True,False,31,15.651,0.168289,17.928,False,18.3281,0.0645161,0,0.0242961,0.0168333,0.0185565,0.432898,0.784248,1.28338,0.0645161,0.283855
2022-12-31,2022,True,False,31,15.2472,0.00327203,17.928,False,18.3281,0,0,0.00130652,0.00280882,0.000348801,0.114762,0.739748,-0.4038,-0.0645161,-0.0444999
2023-01-01,2022,True,False,31,14.9836,-1.07684,20.6066,False,21.4838,0,0.225806,-0.0167353,-0.00603898,-0.0146762,-0.0776115,0.678374,-0.263592,0,-0.061374
2023-01-02,2022,True,False,31,15.1722,-1.00076,20.6066,False,21.4838,0,0.258065,0.00488435,-0.0131205,0.00935804,0.102531,0.479159,0.188552,0,-0.199216
2023-01-03,2022,True,False,31,14.6654,-1.20525,20.6066,False,21.4838,0,0.354839,0.00462536,0.00413684,0.00321483,0.0385086,0.40063,-0.506837,0,-0.0785281
2023-01-04,2022,True,False,31,13.9174,-1.507,20.6066,False,21.4838,0,0.419355,0.0146953,0.0152435,0.00949772,0.3307,0.321119,-0.747922,0,-0.079511
2023-01-05,2022,True,False,31,13.8202,-1.54624,20.6066,False,21.4838,0,0.580645,0.00288297,0.0213093,-0.00438284,-0.022711,0.305039,-0.097238,0,-0.0160809
2023-01-06,2022,True,False,31,13.4252,-1.70561,20.6066,False,21.4838,0,0.709677,-0.00502287,-0.00111197,-0.00464372,-0.0319779,0.473417,-0.395032,0,0.168378
2023-01-07,2022,True,False,31,12.8921,-1.9207,20.6066,False,21.4838,0,0.806452,0.0101637,0.00540027,0.00832235,0.0965087,0.318234,-0.533098,0,-0.155183
2023-01-08,2022,True,False,31,13.4155,-1.70949,20.6066,False,21.4838,0,0.741935,0.00718437,0.0107071,0.00353357,0.181089,0.338557,0.523481,0,0.0203229
2023-01-09,2022,True,False,31,13.2876,-1.76111,20.6066,False,21.4838,0,0.774194,-0.00524348,-0.0215029,0.00208835,0.0954274,0.69145,-0.127926,0,0.352893
2023-01-10,2022,True,False,31,13.452,-1.69478,20.6066,False,21.4838,0,0.806452,-0.012591,-0.0146448,-0.00759759,-0.126082,0.700607,0.164386,0,0.00915709
2023-01-11,2022,True,False,31,14.501,-1.27155,20.6066,False,21.4838,0,0.290323,-0.000519838,0.00783652,-0.00319185,-0.109699,0.88797,1.04903,0,0.187363
2023-01-12,2022,True,False,31,15.4011,-0.908421,20.6066,False,21.4838,0,0.0967742,0.00449872,0.0112515,0.000662323,0.0519713,0.703869,0.900041,0,-0.184101
2023-01-13,2022,True,False,31,16.3072,-0.542837,20.6066,False,21.4838,0,0,0.0122103,0.0293549,0.00220122,0.223042,0.506879,0.906131,0,-0.19699
2023-01-14,2022,True,False,31,16.6697,-0.396585,20.6066,False,21.4838,0,0.0322581,0.0104963,0.019274,0.00392443,0.210855,0.309346,0.362499,0,-0.197532
2023-01-15,2022,True,False,31,17.696,0.0174866,20.6066,False,21.4838,0,0,0.00829018,0.0116353,0.00432292,0.164626,0.648869,1.02631,0,0.339523
2023-01-16,2022,True,False,31,18.1783,0.212067,20.6066,False,21.4838,0,0,0.00715018,0.0153119,0.00192929,0.163113,0.724008,0.482285,0,0.0751391
2023-01-17,2022,True,False,31,18.9453,0.521531,20.6066,False,21.4838,0.0645161,0,0.0023574,0.0168172,-0.00337675,0.0453693,0.660968,0.767032,0.0645161,-0.0630405
2023-01-18,2022,True,False,31,18.725,0.432641,20.6066,False,21.4838,0.0322581,0,0.00126331,-0.00101251,0.00160854,0.0725578,0.881336,-0.220323,-0.0322581,0.220369
2023-01-19,2022,True,False,31,19.1705,0.61237,20.6066,False,21.4838,0.129032,0,0.00273644,0.00661443,0.00048113,0.0505056,0.775533,0.445476,0.0967742,-0.105803
2023-01-20,2022,True,False,31,19.1392,0.599738,20.6066,False,21.4838,0.129032,0,0.0148787,0.013357,0.0103244,0.33891,0.835987,-0.0313104,0,0.0604535
2023-01-21,2022,True,False,31,19.2781,0.655807,20.6066,False,21.4838,0.16129,0,0.0141047,0.0180434,0.00795243,0.127472,1.08383,0.138972,0.0322581,0.247845
2023-01-22,2022,True,False,31,20.1066,0.990057,20.6066,False,21.4838,0.354839,0,-0.00341286,0.0277627,-0.0128791,-0.157015,0.995802,0.828465,0.193548,-0.0880297
2023-01-23,2022,True,False,31,21.3596,1.4956,20.6066,True,21.4838,0.580645,0,0.00688609,0.0202699,-2.52999e-05,0.0529733,1.36397,1.25303,0.225806,0.368168
2023-01-24,2022,True,False,31,21.1665,1.41769,20.6066,True,21.4838,0.419355,0,0.000719632,0.0150726,-0.00441965,-0.0763012,1.7103,-0.193108,-0.16129,0.346333
2023-01-25,2022,True,False,31,20.1163,0.993971,20.6066,False,21.4838,0.322581,0.0322581,0.0151647,0.012165,0.0110168,0.161874,2.07079,-1.05022,-0.0967742,0.360489
2023-01-26,2022,True,False,31,18.4305,0.31381,20.6066,False,21.4838,0.0967742,0,0.00930341,0.0206888,0.00224917,0.0229367,2.47467,-1.68584,-0.225806,0.403874
2023-01-27,2022,True,False,31,18.4424,0.318604,20.6066,False,21.4838,0.0645161,0,-0.0109861,0.00287691,-0.0119671,-0.244262,3.17953,0.0118815,-0.0322581,0.704861
2023-01-28,2022,True,False,31,17.0831,-0.229782,20.6066,False,21.4838,0.0322581,0.0967742,-0.00696817,-0.0193482,-0.000371027,-0.206732,2.78519,-1.35922,-0.0322581,-0.394335
2023-01-29,2022,True,False,31,16.8566,-0.321188,20.6066,False,21.4838,0,0,-0.00749856,0.000758905,-0.00775733,-0.201496,2.4101,-0.226559,-0.0322581,-0.375094
2023-01-30,2022,True,False,31,15.2291,-0.977814,20.6066,False,21.4838,0,0.258065,-0.0184725,0.00425946,-0.0199249,-0.273315,2.02442,-1.6275,0,-0.385679
2023-01-31,2022,True,False,31,14.4228,-1.30311,20.6066,False,21.4838,0,0.419355,-0.0194087,-0.026969,-0.0102131,-0.300497,1.95379,-0.806274,0,-0.0706276
2023-02-01,2022,True,False,31,13.9921,-0.312816,18.5692,False,19.4397,0,0,-0.0195575,-0.0173172,-0.0136528,-0.357392,1.37218,-0.430661,0,-0.581613
2023-02-02,2022,True,False,31,14.9063,0.0179031,18.5692,False,19.4397,0,0,0.00640236,-0.0130205,0.0108419,0.140022,0.339981,0.914162,0,-1.0322
2023-02-03,2022,True,False,31,14.7942,-0.0226394,18.5692,False,19.4397,0,0,-0.000490306,0.0142374,-0.00534481,0.0145981,0.125956,-0.112066,0,-0.214025
2023-02-04,2022,True,False,31,14.5178,-0.122638,18.5692,False,19.4397,0,0,0.00299943,0.00544225,0.00114379,0.0344528,0.166485,-0.276411,0,0.0405289
2023-02-05,2022,True,False,31,13.9477,-0.32888,18.5692,False,19.4397,0,0,0.0110827,0.00696842,0.00870668,0.148304,0.224919,-0.570087,0,0.0584342
2023-02-06,2022,True,False,31,13.5946,-0.456637,18.5692,False,19.4397,0,0.0322581,-0.00900013,0.0123908,-0.013225,-0.148321,0.384951,-0.353142,0,0.160031
2023-02-07,2022,True,False,31,14.0032,-0.308818,18.5692,False,19.4397,0,0,-0.00675677,-0.00506346,-0.00503028,-0.13428,0.392512,0.408597,0,0.00756093
2023-02-08,2022,True,False,31,13.825,-0.373273,18.5692,False,19.4397,0,0.0322581,-0.00267949,-0.00365783,-0.00143228,-0.0996324,0.195263,-0.178165,0,-0.197249
2023-02-09,2022,True,False,31,13.9394,-0.331906,18.5692,False,19.4397,0,0,-0.00364981,-0.00912451,-0.000538631,-0.16834,0.178018,0.114347,0,-0.017245
2023-02-10,2022,True,False,31,14.2197,-0.230495,18.5692,False,19.4397,0,0,0.0119215,0.017115,0.00608581,0.310148,0.436003,0.280316,0,0.257985
2023-02-11,2022,True,False,31,14.607,-0.0903601,18.5692,False,19.4397,0,0,0.0201235,0.0222832,0.0125256,0.277403,0.61084,0.387355,0,0.174837
2023-02-12,2022,True,False,31,14.4362,-0.152178,18.5692,False,19.4397,0,0,-0.0132591,0.005451,-0.0151177,0.0048877,1.12016,-0.170875,0,0.509323
2023-02-13,2022,True,False,31,13.7702,-0.393123,18.5692,False,19.4397,0,0.0322581,-0.00520783,-0.0202353,0.00169177,-0.0345529,1.236,-0.666011,0,0.11584
2023-02-14,2022,True,False,31,14.7145,-0.05149,18.5692,False,19.4397,0,0,-0.000878705,0.00379694,-0.00217334,-0.0309627,0.87013,0.944329,0,-0.365873
2023-02-15,2022,True,False,31,15.5294,0.243317,18.5692,False,19.4397,0,0,0.00455549,0.00447145,0.00303087,-0.0131346,0.722568,0.814895,0,-0.147562
2023-02-16,2022,True,False,31,16.3521,0.540954,18.5692,False,19.4397,0,0,0.000413788,-0.00900668,0.00348479,-0.0599756,0.47863,0.822715,0,-0.243938
2023-02-17,2022,True,False,31,15.719,0.311924,18.5692,False,19.4397,0,0,0.02712,0.00843343,0.0242445,0.222003,0.696657,-0.633076,0,0.218027
2023-02-18,2022,True,False,31,14.5292,-0.118527,18.5692,False,19.4397,0,0,0.0114139,0.0240041,0.00322927,0.0823455,1.18206,-1.18983,0,0.485407
2023-02-19,2022,True,False,31,14.4795,-0.136492,18.5692,False,19.4397,0,0,0.00637114,0.0465379,-0.00949683,0.0735268,1.61236,-0.0496604,0,0.430293
2023-02-20,2022,True,False,31,13.8273,-0.37246,18.5692,False,19.4397,0,0,0.0106893,0.0353909,-0.00137793,0.177966,1.62436,-0.652253,0,0.0120029
2023-02-21,2022,True,False,31,13.7971,-0.383385,18.5692,False,19.4397,0,0,0.0191947,0.0296515,0.00908446,0.104021,1.32988,-0.0301965,0,-0.294479
2023-02-22,2022,True,False,31,14.0531,-0.290761,18.5692,False,19.4397,0,0,0.015126,0.0356942,0.00295535,0.155266,0.783708,0.256027,0,-0.546173
2023-02-23,2022,True,False,31,13.8734,-0.35577,18.5692,False,19.4397,0,0,-0.00528094,0.0200567,-0.0121196,-0.0539806,0.329822,-0.179696,0,-0.453886
2023-02-24,2022,True,False,31,14.1322,-0.26215,18.5692,False,19.4397,0,0,0.0135135,0.0116767,0.0095321,0.142484,0.343674,0.25878,0,0.0138521
2023-02-25,2022,True,False,31,15.8129,0.345903,18.5692,False,19.4397,0,0,0.0143303,0.0534127,-0.00388177,0.19848,0.527112,1.68076,0,0.183438
2023-02-26,2022,True,False,31,15.4328,0.208366,18.5692,False,19.4397,0,0,0.013127,0.0215115,0.00579223,0.154993,0.798636,-0.380175,0,0.271524
2023-02-27,2022,True,False,31,14.8361,-0.00750268,18.5692,False,19.4397,0,0,0.00934286,0.0187053,0.00296495,0.130604,0.605074,-0.596695,0,-0.193561
2023-02-28,2022,True,False,31,14.9734,0.0421603,18.5692,False,19.4397,0,0,0.00391555,0.0176981,-0.00211894,0.11209,0.395995,0.137277,0,-0.209079
2023-03-01,2022,True,False,31,15.4745,2.64912,11.3926,True,12.1494,0.967742,0,0.00986611,0.00180142,0.00925188,0.182432,0.361268,0.501148,0.967742,-0.0347267
2023-03-02,2022,True,False,31,14.9862,2.42116,11.3926,True,12.1494,1,0,0.00323654,0.0161731,-0.00227799,0.0556434,0.531888,-0.488348,0.0322581,0.170619
2023-03-03,2022,True,False,31,15.4026,2.61555,11.3926,True,12.1494,1,0,-0.00331684,0.00289503,-0.00430396,-0.0363708,0.710944,0.416443,0,0.179057
2023-03-04,2022,True,False,31,15.0255,2.43953,11.3926,True,12.1494,0.967742,0,0.0102542,-0.00445731,0.011774,0.156588,0.755465,-0.377098,-0.0322581,0.0445206
2023-03-05,2022,True,False,31,14.4254,2.15941,11.3926,True,12.1494,0.903226,0,-0.00223397,0.0295849,-0.0123215,-0.14987,0.731162,-0.600106,-0.0645161,-0.0243034
2023-03-06,2022,True,False,31,13.5154,1.73466,11.3926,True,12.1494,0.870968,0,0.0118037,0.0308057,0.00129994,0.0694246,0.544997,-0.90995,-0.0322581,-0.186165
2023-03-07,2022,True,False,31,13.6643,1.80412,11.3926,True,12.1494,0.935484,0,0.0096565,0.0272989,0.00034841,0.0997726,0.569394,0.148814,0.0645161,0.0243975
2023-03-08,2022,True,False,31,13.6782,1.81064,11.3926,True,12.1494,0.870968,0,0.00374428,0.00336213,0.00259789,0.0624977,0.600229,0.0139598,-0.0645161,0.030835
2023-03-09,2022,True,False,31,13.57,1.76013,11.3926,True,12.1494,0.83871,0,-0.000924084,0.0103024,-0.00443689,-0.132847,0.855909,-0.10821,-0.0322581,0.255679
2023-03-10,2022,True,False,31,13.5367,1.74456,11.3926,True,12.1494,0.935484,0,-0.0144886,0.0100335,-0.0179097,-0.411087,0.686295,-0.0333433,0.0967742,-0.169614
2023-03-11,2022,True,False,31,13.0034,1.49562,11.3926,True,12.1494,0.83871,0,0.00712716,-0.00230814,0.00791416,-0.0302189,0.615061,-0.533304,-0.0967742,-0.0712339
2023-03-12,2022,True,False,31,12.8642,1.43069,11.3926,True,12.1494,0.645161,0,0.0292699,0.0187894,0.0228634,0.181627,0.638649,-0.139109,-0.193548,0.023588
2023-03-13,2022,True,False,31,12.0196,1.03641,11.3926,True,12.1494,0.483871,0,0.00885113,0.0326328,-0.00227565,0.183946,0.772936,-0.844665,-0.16129,0.134287
2023-03-14,2022,True,False,31,11.6966,0.885634,11.3926,True,12.1494,0.290323,0,0.0220861,0.012628,0.0177804,0.322924,1.05658,-0.323014,-0.193548,0.283647
2023-03-15,2022,True,False,31,11.1792,0.64412,11.3926,False,12.1494,0.129032,0,-0.00103168,0.0202241,-0.00792747,-0.0451793,0.954968,-0.517397,-0.16129,-0.101616
2023-03-16,2022,True,False,31,9.97892,0.0838575,11.3926,False,12.1494,0,0,0.00295852,-0.0129029,0.00735801,0.0242883,0.865922,-1.20026,-0.129032,-0.0890456
2023-03-17,2022,True,False,31,9.63537,-0.0765076,11.3926,False,12.1494,0.0322581,0,0.0140953,0.0061459,0.0119997,0.0633354,0.532592,-0.343552,0.0322581,-0.33333
2023-03-18,2022,True,False,31,9.87269,0.0342724,11.3926,False,12.1494,0.0322581,0,0.01152,0.0142811,0.00665057,0.0332597,0.317224,0.237325,0,-0.215368
2023-03-19,2022,True,False,31,10.7851,0.460165,11.3926,False,12.1494,0.16129,0,0.00754778,0.00886836,0.00452394,0.0916165,0.297364,0.912394,0.129032,-0.0198605
2023-03-20,2022,True,False,31,10.1674,0.171819,11.3926,False,12.1494,0.0645161,0,0.0199872,0.013204,0.0154851,0.34232,0.233667,-0.617725,-0.0967742,-0.0636964
2023-03-21,2022,True,False,31,10.3918,0.276604,11.3926,False,12.1494,0.0645161,0,0.00847395,0.0279264,-0.00104808,0.183571,0.254068,0.224481,0,0.020401
2023-03-22,2022,True,False,31,11.1851,0.646907,11.3926,False,12.1494,0.225806,0,-0.00316448,0.0183772,-0.00943055,-0.0926494,0.355314,0.793303,0.16129,0.101245
2023-03-23,2022,True,False,31,10.1405,0.159303,11.3926,False,12.1494,0.0645161,0,-0.0150742,-0.0103812,-0.0115345,-0.0610086,0.432546,-1.0446,-0.16129,0.0772326
2023-03-24,2022,True,False,31,9.81266,0.00624949,11.3926,False,12.1494,0.0967742,0.0322581,0.00292773,0.00468484,0.00133034,-0.0109649,0.410583,-0.327888,0.0322581,-0.0219629
2023-03-25,2022,True,False,31,9.42789,-0.173356,11.3926,False,12.1494,0,0,0.00757052,0.00879903,0.00457032,0.118548,0.423035,-0.38477,-0.0967742,0.0124514
2023-03-26,2022,True,False,31,9.24184,-0.2602,11.3926,False,12.1494,0,0,0.00749238,0.0162169,0.00196291,0.0302502,0.343478,-0.186047,0,-0.0795566
2023-03-27,2022,True,False,31,8.66995,-0.527148,11.3926,False,12.1494,0,0.129032,-0.0119289,0.016077,-0.0174106,-0.186279,0.229885,-0.571886,0,-0.113593
2023-03-28,2022,True,False,31,7.79495,-0.93559,11.3926,False,12.1494,0,0.193548,-0.00523529,-0.0210304,0.00193542,-0.153681,0.153672,-0.875008,0,-0.0762129
2023-03-29,2022,True,False,31,8.31774,-0.691557,11.3926,False,12.1494,0,0.129032,0.00885794,0.0178752,0.00276305,0.136072,0.143478,0.522793,0,-0.0101941
2023-03-30,2022,True,False,31,7.47076,-1.08691,11.3926,False,12.1494,0,0.258065,-0.00566836,0.0362358,-0.0180236,-0.182718,0.20119,-0.846978,0,0.0577118
2023-03-31,2022,True,False,31,8.51451,-0.599707,11.3926,False,12.1494,0,0.0322581,0.00887009,0.0095833,0.00560249,0.0499795,0.351259,1.04375,0,0.150069
2023-10-31,2023,False,False,31,10.0677,,,False,,,,0.00678631,,,0.0538254,0.0506182,,,
2023-11-01,2023,True,False,31,9.60275,-1.01309,15.3816,False,15.8722,0,0.0967742,0.0146124,0.0155867,0.0092978,0.320565,0.0450226,-0.464976,,-0.00559563
2023-11-02,2023,True,False,31,9.41356,-1.0904,15.3816,False,15.8722,0,0.16129,0.00417542,0.016228,-0.00135783,0.137024,0.00334164,-0.189192,0,-0.0416809
2023-11-03,2023,True,False,31,9.24617,-1.15881,15.3816,False,15.8722,0,0.225806,-0.00111843,-0.00284592,-0.000148054,-0.122885,0.000126017,-0.16739,0,-0.00321562
2023-11-04,2023,True,False,31,9.73278,-0.959951,15.3816,False,15.8722,0,0.16129,0.0116792,0.0083402,0.00883544,0.159239,0.00535197,0.486607,0,0.00522595
2023-11-05,2023,True,False,31,8.34973,-1.52515,15.3816,False,15.8722,0,0.580645,0.00268168,0.0153811,-0.00256279,0.0561265,0.00236112,-1.38305,0,-0.00299085
2023-11-06,2023,True,False,31,8.66114,-1.39789,15.3816,False,15.8722,0,0.483871,-0.00315027,0.0117573,-0.00715915,-0.0979045,0.00436103,0.311414,0,0.00199991
2023-11-07,2023,True,False,31,8.56959,-1.4353,15.3816,False,15.8722,0,0.483871,-0.00186375,-0.00410347,-0.000464593,-0.101502,0.00593533,-0.0915461,0,0.0015743
2023-11-08,2023,True,False,31,8.43423,-1.49062,15.3816,False,15.8722,0,0.451613,-0.00185011,0.00266391,-0.00275842,-0.148114,0.00228269,-0.135364,0,-0.00365264
2023-11-09,2023,True,False,31,8.38196,-1.51198,15.3816,False,15.8722,0,0.548387,0.00171867,-0.0056384,0.00364119,0.00789713,0,-0.0522719,0,-0.00228269
2023-11-10,2023,True,False,31,8.81655,-1.33438,15.3816,False,15.8722,0,0.387097,-0.0153197,0.00574636,-0.0172791,-0.262708,0,0.434591,0,0
2023-11-11,2023,True,False,31,10.4043,-0.68552,15.3816,False,15.8722,0,0.0967742,0.0171001,-0.0125285,0.021372,0.130181,0.00128868,1.58776,0,0.00128868
2023-11-12,2023,True,False,31,11.2731,-0.330466,15.3816,False,15.8722,0,0,0.00434115,0.0526507,-0.0136111,0.109372,0.000797216,0.868817,0,-0.000491466
2023-11-13,2023,True,False,31,12.0798,-0.000809477,15.3816,False,15.8722,0,0.0322581,-0.000481425,0.0170577,-0.00629757,0.0365371,0.0037553,0.806671,0,0.00295809
2023-11-14,2023,True,False,31,13.1769,0.447526,15.3816,False,15.8722,0,0,0.00919692,0.0116794,0.00521461,0.1184,0.0148972,1.09708,0,0.0111419
2023-11-15,2023,True,False,31,13.3972,0.537576,15.3816,False,15.8722,0.0967742,0,0.0119815,0.03227,0.000978413,-0.00409744,0.0138168,0.220353,0.0967742,-0.00108036
2023-11-16,2023,True,False,31,14.001,0.7843,15.3816,False,15.8722,0.0967742,0,0.0153715,0.0112006,0.0115524,0.150639,0.0377168,0.603734,0,0.0239
2023-11-17,2023,True,False,31,14.8062,1.11335,15.3816,False,15.8722,0.225806,0,-0.0244243,-0.0245843,-0.0160419,-0.0380398,0.304297,0.805192,0.129032,0.26658
2023-11-18,2023,True,False,31,13.7894,0.697822,15.3816,False,15.8722,0.129032,0,-0.0407296,-0.0355643,-0.0286033,-0.184866,0.273044,-1.0168,-0.0967742,-0.0312526
2023-11-19,2023,True,False,31,14.7039,1.07155,15.3816,False,15.8722,0.193548,0,-0.0282948,-0.0402205,-0.0145808,-0.305536,0.382978,0.914508,0.0645161,0.109934
2023-11-20,2023,True,False,31,14.2854,0.900541,15.3816,False,15.8722,0,0,-0.00707951,-0.0286075,0.00267476,-0.128212,0.463846,-0.418456,-0.193548,0.0808684
2023-11-21,2023,True,False,31,14.3343,0.920503,15.3816,False,15.8722,0.193548,0,0.00653127,0.0017732,0.00592667,0.119362,0.633346,0.0488481,0.193548,0.1695
2023-11-22,2023,True,False,31,13.7596,0.685677,15.3816,False,15.8722,0,0,-0.00828851,0.0128521,-0.0126707,-0.184796,0.950877,-0.574621,-0.193548,0.317531
2023-11-23,2023,True,False,31,12.4957,0.169159,15.3816,False,15.8722,0,0,0.00651829,0.00172949,0.00592859,0.08254,1.04853,-1.26392,0,0.0976528
2023-11-24,2023,True,False,31,12.4977,0.169982,15.3816,False,15.8722,0,0,-0.00474291,0.00566208,-0.00667351,-0.129674,0.956575,0.00201395,0,-0.0919545
2023-11-25,2023,True,False,31,13.2162,0.463612,15.3816,False,15.8722,0.0322581,0,0.0155947,-0.00607913,0.0176675,0.116785,1.04721,0.718513,0.0322581,0.0906302
2023-11-26,2023,True,False,31,12.3238,0.0989042,15.3816,False,15.8722,0,0,0.0163355,0.0257768,0.00754638,0.201306,0.675277,-0.892441,-0.0322581,-0.371929
2023-11-27,2023,True,False,31,12.059,-0.00931186,15.3816,False,15.8722,0,0,0.00945979,0.00784226,0.00678582,0.21986,0.246171,-0.264805,0,-0.429106
2023-11-28,2023,True,False,31,12.8374,0.308796,15.3816,False,15.8722,0,0,0.00441073,0.0172709,-0.00147812,0.0363751,0.219857,0.778412,0,-0.0263144
2023-11-29,2023,True,False,31,12.5286,0.182588,15.3816,False,15.8722,0,0,0.000863541,0.00988275,-0.00250617,0.062235,0.128627,-0.308832,0,-0.0912302
2023-11-30,2023,True,False,31,12.6429,0.229308,15.3816,False,15.8722,0,0,0.00470917,0.000724509,0.00446214,0.170316,0.087033,0.114324,0,-0.0415935
2023-12-01,2023,True,False,31,12.9743,-0.925589,19.2129,False,19.4376,0,0.16129,0.00622853,0.0102471,0.00273458,0.17261,0.0905926,0.331387,0,0.00355952
2023-12-02,2023,True,False,31,12.7062,-1.03513,19.2129,False,19.4376,0,0.354839,-0.00052141,0.00368991,-0.00177956,0.214227,0.11889,-0.268047,0,0.0282977
2023-12-03,2023,True,False,31,12.7783,-1.0057,19.2129,False,19.4376,0,0.258065,-0.00401188,0.00568173,-0.00594917,-0.120108,0.0755128,0.0720172,0,-0.0433775
2023-12-04,2023,True,False,31,13.0074,-0.912054,19.2129,False,19.4376,0,0.290323,0.0102654,0.00684204,0.00793249,0.141948,0.169435,0.229152,0,0.0939221
2023-12-05,2023,True,False,31,14.1609,-0.440651,19.2129,False,19.4376,0,0.0967742,0.00219394,0.0078631,-0.000487132,0.150124,0.20423,1.15353,0,0.0347947
2023-12-06,2023,True,False,31,14.3519,-0.362623,19.2129,False,19.4376,0,0,0.00421538,0.000144035,0.00416626,0.152733,0.275195,0.190936,0,0.0709651
2023-12-07,2023,True,False,31,13.0045,-0.913255,19.2129,False,19.4376,0,0.258065,-0.00491106,0.00524757,-0.00670032,-0.184407,0.438178,-1.34741,0,0.162983
2023-12-08,2023,True,False,31,13.2095,-0.829447,19.2129,False,19.4376,0,0.16129,0.0025361,-0.00934102,0.00572109,0.0632303,0.360508,0.20508,0,-0.07767
2023-12-09,2023,True,False,31,13.1171,-0.867235,19.2129,False,19.4376,0,0.193548,0.00364661,-0.00200794,0.00433125,0.0494998,0.394443,-0.0924673,0,0.0339356
2023-12-10,2023,True,False,31,12.9671,-0.928539,19.2129,False,19.4376,0,0.322581,-0.00525341,0.00435666,-0.0067389,-0.19378,0.282447,-0.150014,0,-0.111996
2023-12-11,2023,True,False,31,12.9041,-0.954287,19.2129,False,19.4376,0,0.290323,0.000933077,-0.00565025,0.00285964,-0.0314374,0.261583,-0.0630043,0,-0.0208645
2023-12-12,2023,True,False,31,12.0338,-1.30992,19.2129,False,19.4376,0,0.580645,-0.00606171,0.00458259,-0.00762423,-0.192349,0.122149,-0.870252,0,-0.139433
2023-12-13,2023,True,False,31,12.6336,-1.0648,19.2129,False,19.4376,0,0.419355,-0.00740481,0.0188099,-0.0138184,-0.144602,0.141913,0.599814,0,0.0197632
2023-12-14,2023,True,False,31,14.0094,-0.502599,19.2129,False,19.4376,0,0.0322581,-0.0197992,-0.0434296,-0.00499106,-0.0369191,0.329869,1.37573,0,0.187956
2023-12-15,2023,True,False,31,13.113,-0.868889,19.2129,False,19.4376,0,0.193548,-0.00908936,-0.0289783,0.000791326,-0.249849,0.866088,-0.89632,0,0.536219
2023-12-16,2023,True,False,31,12.9644,-0.929624,19.2129,False,19.4376,0,0.193548,-0.000677061,-0.00154287,-0.00015099,-0.10603,0.850978,-0.14862,0,-0.01511
2023-12-17,2023,True,False,31,12.2208,-1.23349,19.2129,False,19.4376,0,0.516129,-0.0127719,-0.00411381,-0.0113692,-0.214676,0.563564,-0.743572,0,-0.287414
2023-12-18,2023,True,False,31,12.6657,-1.0517,19.2129,False,19.4376,0,0.419355,0.00174193,-0.0163449,0.00731505,-0.0860008,0.108919,0.444839,0,-0.454645
2023-12-19,2023,True,False,31,13.3233,-0.782951,19.2129,False,19.4376,0,0.193548,0.0052442,0.0137594,0.00055268,0.0834443,0.0825501,0.657646,0,-0.0263688
2023-12-20,2023,True,False,31,14.2168,-0.417819,19.2129,False,19.4376,0,0.0645161,0.00154085,0.00337039,0.000391655,0.113881,0.150411,0.893485,0,0.0678612
2023-12-21,2023,True,False,31,14.833,-0.166012,19.2129,False,19.4376,0,0.0322581,-0.000667295,0.000245101,-0.000750866,0.0542243,0.177145,0.616176,0,0.0267335
2023-12-22,2023,True,False,31,15.6937,0.185743,19.2129,False,19.4376,0,0,-0.00247664,-0.00187475,-0.00183741,-0.083536,0.209208,0.860753,0,0.0320628
2023-12-23,2023,True,False,31,16.6801,0.588833,19.2129,False,19.4376,0.0322581,0,-0.00688688,-0.00831228,-0.00405265,-0.129043,0.21468,0.98637,0.0322581,0.00547238
2023-12-24,2023,True,False,31,16.4106,0.478698,19.2129,False,19.4376,0,0,-0.00193327,-0.0103147,0.00158372,-0.078506,0.180188,-0.269504,-0.0322581,-0.0344921
2023-12-25,2023,True,False,31,16.7322,0.610128,19.2129,False,19.4376,0,0,-0.00159476,0.00339289,-0.00275163,-0.0510956,0.324523,0.321612,0,0.144336
2023-12-26,2023,True,False,31,16.9792,0.711047,19.2129,False,19.4376,0.0322581,0,0.00193419,-0.00425784,0.00338598,0.0299547,0.148866,0.246952,0.0322581,-0.175658
2023-12-27,2023,True,False,31,17.3691,0.870378,19.2129,False,19.4376,0.0645161,0,-0.002588,-0.00280595,-0.00163126,-0.156781,0.392543,0.389887,0.0322581,0.243677
2023-12-28,2023,True,False,31,16.7184,0.604486,19.2129,False,19.4376,0,0,-0.00282004,-0.00213084,-0.00209349,-0.0520661,0.48141,-0.650644,-0.0645161,0.0888679
2023-12-29,2023,True,False,31,16.0801,0.34363,19.2129,False,19.4376,0.0322581,0,-0.00173771,-0.00653608,0.000490886,-0.151483,0.390487,-0.63832,0.0322581,-0.090923
2023-12-30,2023,True,False,31,16.7591,0.62112,19.2129,False,19.4376,0,0,-0.00639235,-0.00748823,-0.0038391,-0.274994,0.617937,0.679023,-0.0322581,0.22745
2023-12-31,2023,True,False,31,18.1532,1.19082,19.2129,False,19.4376,0.225806,0,-0.00415675,-0.00428365,-0.00269616,-0.201003,1.03736,1.39406,0.225806,0.419418
2024-01-01,2023,True,False,31,17.8649,0.0856352,20.4479,False,21.3158,0,0,0.00230524,-0.0112159,0.00612952,0.026027,1.04793,-0.288257,-0.225806,0.0105698
2024-01-02,2023,True,False,31,17.9974,0.139087,20.4479,False,21.3158,0,0,0.00368072,0.00353532,0.00247529,0.184744,1.33699,0.132485,0,0.289065
2024-01-03,2023,True,False,31,17.5475,-0.042417,20.4479,False,21.3158,0,0,0.0018787,0.00960152,-0.00139512,0.114807,0.791907,-0.449873,0,-0.545083
2024-01-04,2023,True,False,31,19.0541,0.565397,20.4479,False,21.3158,0.0322581,0,0.00336835,0.00998119,-3.49233e-05,0.0749838,0.661057,1.50652,0.0322581,-0.13085
2024-01-05,2023,True,False,31,19.9091,0.910376,20.4479,False,21.3158,0.225806,0,-0.0109595,-0.0109317,-0.00723217,-0.0585992,0.825656,0.855061,0.193548,0.1646
2024-01-06,2023,True,False,31,20.7682,1.25697,20.4479,True,21.3158,0.354839,0,-0.00814047,-0.0113452,-0.00427211,-0.0886287,0.944005,0.859064,0.129032,0.118349
2024-01-07,2023,True,False,31,21.5086,1.55571,20.4479,True,21.3158,0.645161,0,0.00829914,0.0178353,0.00221785,-0.0145799,1.43765,0.740442,0.290323,0.493643
2024-01-08,2023,True,False,31,21.9624,1.7388,20.4479,True,21.3158,0.741935,0,0.014521,0.0475231,-0.00168288,0.121702,2.45593,0.45381,0.0967742,1.01828
2024-01-09,2023,True,False,31,21.6895,1.62869,20.4479,True,21.3158,0.612903,0,0.020943,0.0103592,0.0174108,0.233133,4.45753,-0.272902,-0.129032,2.0016
2024-01-10,2023,True,False,31,21.0277,1.36167,20.4479,True,21.3158,0.451613,0,0.010345,0.0309716,-0.000215331,0.154975,5.9962,-0.661855,-0.16129,1.53867
2024-01-11,2023,True,False,31,20.0272,0.958017,20.4479,False,21.3158,0.258065,0,0.0110358,0.0112798,0.0071897,0.0677864,7.27754,-1.00048,-0.193548,1.28134
2024-01-12,2023,True,False,31,20.0353,0.961267,20.4479,False,21.3158,0.258065,0,0.0136808,0.020466,0.00670254,-0.115849,8.02072,0.00805617,0,0.743178
2024-01-13,2023,True,False,31,17.7639,0.0448705,20.4479,False,21.3158,0.0967742,0,0.0149915,0.0222436,0.00740709,0.149642,6.80868,-2.27137,-0.16129,-1.21204
2024-01-14,2023,True,False,31,16.6947,-0.386511,20.4479,False,21.3158,0,0.0322581,0.00880734,0.0462483,-0.00696189,0.142029,5.35296,-1.06922,-0.0967742,-1.45572
2024-01-15,2023,True,False,31,14.7398,-1.17523,20.4479,False,21.3158,0,0.419355,0.0141575,0.0253206,0.00552396,0.259388,5.22754,-1.95491,0,-0.125423
2024-01-16,2023,True,False,31,13.763,-1.56931,20.4479,False,21.3158,0,0.774194,0.00728302,0.0286325,-0.00247978,0.208767,4.72456,-0.976756,0,-0.502978
2024-01-17,2023,True,False,31,13.4594,-1.69182,20.4479,False,21.3158,0,0.806452,0.00260785,0.00552828,0.000722879,0.0511088,4.23184,-0.303653,0,-0.492721
2024-01-18,2023,True,False,31,13.48,-1.68349,20.4479,False,21.3158,0,0.774194,0.00420292,0.00668064,0.00192503,0.123919,2.69008,0.0206515,0,-1.54176
2024-01-19,2023,True,False,31,13.2862,-1.76167,20.4479,False,21.3158,0,0.774194,0.00262548,0.00888055,-0.000402512,0.122375,1.35273,-0.193782,0,-1.33735
2024-01-20,2023,True,False,31,13.0342,-1.86334,20.4479,False,21.3158,0,0.903226,0.0102172,0.000887102,0.0099147,0.355088,0.334199,-0.252011,0,-1.01853
2024-01-21,2023,True,False,31,11.8816,-2.32838,20.4479,False,21.3158,0,0.903226,0.010975,0.0109547,0.00723981,0.418986,0.184938,-1.15264,0,-0.149261
2024-01-22,2023,True,False,31,11.8769,-2.33028,20.4479,False,21.3158,0,0.967742,0.00273157,0.00880402,-0.000270328,0.197091,0.187758,-0.00471506,0,0.00282025
2024-01-23,2023,True,False,31,12.1604,-2.2159,20.4479,False,21.3158,0,0.870968,-0.00279301,0.00316992,-0.00387385,-0.00255264,0.127131,0.283507,0,-0.060627
2024-01-24,2023,True,False,31,12.4173,-2.11226,20.4479,False,21.3158,0,1,0.00812492,-0.000644291,0.0083446,0.308892,0.123005,0.256892,0,-0.0041262
2024-01-25,2023,True,False,31,14.113,-1.42811,20.4479,False,21.3158,0,0.645161,0.00421241,0.00888305,0.00118357,0.064351,0.135858,1.69573,0,0.0128535
2024-01-26,2023,True,False,31,14.2155,-1.38673,20.4479,False,21.3158,0,0.645161,-0.0154815,-0.00476738,-0.0138559,0.00508517,0.122202,0.102551,0,-0.0136565
2024-01-27,2023,True,False,31,15.5731,-0.839001,20.4479,False,21.3158,0,0.419355,0.00929026,-0.0255735,0.01801,0.183056,0.00922298,1.35759,0,-0.112979
2024-01-28,2023,True,False,31,15.2275,-0.97843,20.4479,False,21.3158,0,0.451613,0.0263358,0.0276603,0.0169045,0.211699,0.099313,-0.345587,0,0.09009
2024-01-29,2023,True,False,31,13.9234,-1.5046,20.4479,False,21.3158,0,0.774194,-0.000411605,0.0660019,-0.0229162,-0.00198239,0.263876,-1.30415,0,0.164563
2024-01-30,2023,True,False,31,12.6141,-2.03284,20.4479,False,21.3158,0,0.967742,-0.00124099,0.0146217,-0.00622653,-0.00510661,0.0817538,-1.30929,0,-0.182122
2024-01-31,2023,True,False,31,12.7288,-1.98658,20.4479,False,21.3158,0,0.967742,0.00672794,-0.00410086,0.0081262,0.0594544,0.0536925,0.114666,0,-0.0280613
2024-02-01,2023,True,False,31,13.6149,-0.449298,18.5929,False,19.4399,0,0.129032,0.00191706,0.0104581,-0.00164882,0.0279509,0.224296,0.886111,0,0.170603
2024-02-02,2023,True,False,31,12.8656,-0.720385,18.5929,False,19.4399,0,0.225806,0.0126321,-0.00802803,0.0153694,0.233856,0.0253881,-0.749326,0,-0.198908
2024-02-03,2023,True,False,31,13.3451,-0.546895,18.5929,False,19.4399,0,0.0645161,0.00633862,0.0278448,-0.00315557,0.241893,0.0462966,0.479553,0,0.0209085
2024-02-04,2023,True,False,31,13.7991,-0.382635,18.5929,False,19.4399,0,0.0967742,-0.00506186,0.00534639,-0.00688482,-0.161094,0.0386528,0.45404,0,-0.00764386
2024-02-05,2023,True,False,31,15.5063,0.234974,18.5929,False,19.4399,0,0,0.00723109,-0.00546306,0.00909382,0.169773,0.153183,1.70717,0,0.11453
2024-02-06,2023,True,False,31,15.9865,0.408705,18.5929,False,19.4399,0,0,-0.00945387,0.0121738,-0.0136048,-0.230742,0.237389,0.48022,0,0.0842061
2024-02-07,2023,True,False,31,16.0396,0.427917,18.5929,False,19.4399,0,0.0322581,-0.00583824,-0.00940133,-0.00263268,-0.0949197,0.377388,0.0531055,0,0.139999
2024-02-08,2023,True,False,31,15.3124,0.164834,18.5929,False,19.4399,0,0,-0.0120142,-0.00709719,-0.00959425,-0.202961,0.432805,-0.727205,0,0.0554169
2024-02-09,2023,True,False,31,14.5726,-0.102813,18.5929,False,19.4399,0,0.0967742,-0.0104606,-0.00539807,-0.00862005,-0.304148,0.312275,-0.739818,0,-0.12053
2024-02-10,2023,True,False,31,15.3087,0.163496,18.5929,False,19.4399,0,0.0645161,-0.00589263,-0.0216704,0.00149632,-0.147264,0.515536,0.73612,0,0.20326
2024-02-11,2023,True,False,31,15.6179,0.275354,18.5929,False,19.4399,0.0645161,0.0322581,0.00960348,-0.00826377,0.0124212,0.0389477,0.699434,0.309193,0.0645161,0.183898
2024-02-12,2023,True,False,31,14.9591,0.0369915,18.5929,False,19.4399,0.0322581,0.0322581,-0.0181344,0.00366353,-0.0193835,-0.0406051,0.844892,-0.658871,-0.0322581,0.145458
2024-02-13,2023,True,False,31,13.1725,-0.609346,18.5929,False,19.4399,0,0.322581,-0.00799662,-0.0111379,-0.00419894,-0.0142807,1.36421,-1.78658,-0.0322581,0.519322
2024-02-14,2023,True,False,31,12.3668,-0.900835,18.5929,False,19.4399,0,0.483871,-0.00424096,-0.0111501,-0.000439118,-0.152256,1.21985,-0.805725,0,-0.144369
2024-02-15,2023,True,False,31,12.0465,-1.01671,18.5929,False,19.4399,0,0.516129,0.000791305,0.0143558,-0.00410359,-0.0254968,0.960111,-0.320293,0,-0.259734
2024-02-16,2023,True,False,31,11.385,-1.256,18.5929,False,19.4399,0,0.774194,0.0112103,0.00559785,0.00930162,0.189635,0.4917,-0.661431,0,-0.468411
2024-02-17,2023,True,False,31,11.8691,-1.08089,18.5929,False,19.4399,0,0.580645,0.00115253,0.00833188,-0.00168838,-0.0271396,0.269817,0.484033,0,-0.221883
2024-02-18,2023,True,False,31,10.9924,-1.39805,18.5929,False,19.4399,0,0.774194,-0.0179897,-0.00851201,-0.0150873,-0.321384,0.195334,-0.876701,0,-0.0744825
2024-02-19,2023,True,False,31,11.7941,-1.108,18.5929,False,19.4399,0,0.645161,-1.4219e-05,-0.00853902,0.00289732,-0.216183,0.184863,0.801756,0,-0.010471
2024-02-20,2023,True,False,31,11.2416,-1.30788,18.5929,False,19.4399,0,0.645161,0.00424854,0.00791162,0.00155092,0.032107,0.0601813,-0.552501,0,-0.124682
2024-02-21,2023,True,False,31,11.0308,-1.38416,18.5929,False,19.4399,0,0.709677,0.00282596,0.0163776,-0.00275831,0.115095,0.239726,-0.210862,0,0.179545
2024-02-22,2023,True,False,31,10.6335,-1.52789,18.5929,False,19.4399,0,0.83871,0.00441723,0.00789168,0.00172642,-0.0624969,0.599417,-0.397274,0,0.35969
2024-02-23,2023,True,False,31,9.71147,-1.86145,18.5929,False,19.4399,0,0.967742,0.0177556,0.0394815,0.00429368,0.162748,0.279291,-0.922012,0,-0.320126
2024-02-24,2023,True,False,31,9.09193,-2.08558,18.5929,False,19.4399,0,1,0.0205563,0.0301895,0.0102626,0.33514,0.455647,-0.619549,0,0.176356
2024-02-25,2023,True,False,31,9.37207,-1.98424,18.5929,False,19.4399,0,0.967742,0.0198473,0.0150892,0.0147024,0.308624,0.614982,0.28014,0,0.159335
2024-02-26,2023,True,False,31,9.74666,-1.84872,18.5929,False,19.4399,0,1,-0.0171073,0.0180324,-0.0232558,-0.314652,0.202435,0.374598,0,-0.412547
2024-02-27,2023,True,False,31,10.2394,-1.67045,18.5929,False,19.4399,0,0.83871,-0.00686574,-0.0112875,-0.00301704,-0.154852,0.289921,0.492758,0,0.0874865
2024-02-28,2023,True,False,31,10.2256,-1.67545,18.5929,False,19.4399,0,1,-0.0261994,0.0118555,-0.0302417,-0.290607,0.280089,-0.0138322,0,-0.0098322
2024-02-29,2023,True,False,31,10.0148,-1.75173,18.5929,False,19.4399,0,1,0.0185204,-0.0462479,0.0342895,0.113091,0.324224,-0.210827,0,0.044135
2024-03-01,2023,True,False,31,10.9079,0.517515,13.5354,False,13.6533,0,0,0.0135758,0.0264475,0.00455805,0.139667,0.486077,0.893183,0,0.161853
2024-03-02,2023,True,False,31,9.9581,0.0741422,13.5354,False,13.6533,0,0,0.00808675,0.0268365,-0.00106366,-0.0454198,0.451588,-0.949841,0,-0.0344883
2024-03-03,2023,True,False,31,9.4299,-0.172416,13.5354,False,13.6533,0,0,-0.00371975,0.0316621,-0.0145155,-0.160322,0.30916,-0.528204,0,-0.142428
2024-03-04,2023,True,False,31,9.58043,-0.102149,13.5354,False,13.6533,0,0,-0.00243225,-0.00107381,-0.00206612,-0.0681216,0.295218,0.150534,0,-0.0139423
2024-03-05,2023,True,False,31,9.43193,-0.17147,13.5354,False,13.6533,0,0,0.00495044,0.000567097,0.00475708,0.0912746,0.154019,-0.148507,0,-0.141199
2024-03-06,2023,True,False,31,9.04765,-0.350846,13.5354,False,13.6533,0,0.0322581,-0.00142296,0.0152184,-0.00661197,-0.112884,0.0796122,-0.38428,0,-0.0744065
2024-03-07,2023,True,False,31,9.84946,0.0234283,13.5354,False,13.6533,0,0,-0.00207559,0.00658547,-0.00432103,-0.0750747,0.00933985,0.801812,0,-0.0702723
2024-03-08,2023,True,False,31,10.1804,0.177902,13.5354,False,13.6533,0,0,-0.00444016,-0.00500582,-0.00273333,-0.108973,0.0400573,0.33093,0,0.0307175
2024-03-09,2023,True,False,31,10.0736,0.128064,13.5354,False,13.6533,0,0,0.00304784,-0.000571146,0.00324259,-0.0573076,0.00281077,-0.106767,0,-0.0372466
2024-03-10,2023,True,False,31,10.7455,0.44167,13.5354,False,13.6533,0,0,0.0159575,-0.000664784,0.0161842,0.279251,0.0102931,0.67184,0,0.00748237
2024-03-11,2023,True,False,31,10.3282,0.246875,13.5354,False,13.6533,0.0322581,0,0.00343686,0.0121495,-0.000705753,0.121644,0.0501088,-0.417309,0.0322581,0.0398157
2024-03-12,2023,True,False,31,10.6048,0.376007,13.5354,False,13.6533,0,0,-0.00470797,-0.00217636,-0.0039659,-0.0928256,0.0893739,0.276639,-0.0322581,0.0392651
2024-03-13,2023,True,False,31,10.8916,0.509899,13.5354,False,13.6533,0,0,-0.00714839,-0.00785042,-0.00447164,-0.201308,0.0930967,0.286838,0,0.00372271
2024-03-14,2023,True,False,31,10.7887,0.461832,13.5354,False,13.6533,0,0,-0.00568107,-0.0103,-0.0021691,-0.151205,0.1176,-0.102974,0,0.0245037
2024-03-15,2023,True,False,31,9.90563,0.0496491,13.5354,False,13.6533,0,0,0.00827876,0.025549,-0.000432652,-0.178176,0.232811,-0.883023,0,0.115211
2024-03-16,2023,True,False,31,10.2009,0.187484,13.5354,False,13.6533,0.0322581,0,-0.0101772,0.0592131,-0.030367,-0.166688,0.212433,0.295284,0.0322581,-0.020378
2024-03-17,2023,True,False,31,11.0401,0.579209,13.5354,False,13.6533,0.0645161,0,-0.00333652,-0.00514744,-0.0015814,-0.0904061,0.26534,0.839197,0.0322581,0.0529073
2024-03-18,2023,True,False,31,10.6274,0.38656,13.5354,False,13.6533,0,0,-0.005728,0.00794418,-0.00843672,-0.180986,0.421468,-0.412712,-0.0645161,0.156128
2024-03-19,2023,True,False,31,9.55162,-0.115598,13.5354,False,13.6533,0,0,0.00933817,0.0178269,0.00325977,0.0345904,0.458966,-1.07578,0,0.0374979
2024-03-20,2023,True,False,31,10.5374,0.344538,13.5354,False,13.6533,0,0,-0.00237619,0.00528653,-0.00417874,-0.052289,0.453262,0.985753,0,-0.00570444
2024-03-21,2023,True,False,31,9.88958,0.0421566,13.5354,False,13.6533,0,0,-0.0114833,-0.00325848,-0.0103722,-0.23899,0.442436,-0.647794,0,-0.010826
2024-03-22,2023,True,False,31,9.13523,-0.309965,13.5354,False,13.6533,0,0,-0.00879125,-0.0199092,-0.00200284,-0.157078,0.434656,-0.754354,0,-0.00778023
2024-03-23,2023,True,False,31,7.9857,-0.846549,13.5354,False,13.6533,0,0.16129,0.00111873,0.0023475,0.000318306,-0.104633,0.379781,-1.14953,0,-0.0548746
2024-03-24,2023,True,False,31,8.31412,-0.693248,13.5354,False,13.6533,0,0.129032,-0.00437784,0.00195337,-0.00504388,-0.149596,0.244968,0.328418,0,-0.134813
2024-03-25,2023,True,False,31,9.59732,-0.0942652,13.5354,False,13.6533,0,0,0.00638433,0.0234828,-0.00162258,-0.0884016,0.167628,1.28321,0,-0.0773398
2024-03-26,2023,True,False,31,9.34453,-0.212266,13.5354,False,13.6533,0,0.0322581,0.0293484,0.0106203,0.0257272,0.21275,0.106883,-0.252794,0,-0.0607459
2024-03-27,2023,True,False,31,8.39471,-0.655628,13.5354,False,13.6533,0,0.16129,0.0101931,0.0495629,-0.00670633,0.12773,0.0535769,-0.949818,0,-0.0533056
2024-03-28,2023,True,False,31,6.66544,-1.46283,13.5354,False,13.6533,0,0.645161,0.0180518,0.00992941,0.0146662,0.189084,0.0796722,-1.72927,0,0.0260953
2024-03-29,2023,True,False,31,5.53258,-1.99163,13.5354,False,13.6533,0,0.903226,0.0263559,0.0218302,0.0189124,0.417573,0.0315496,-1.13286,0,-0.0481226
2024-03-30,2023,True,False,31,5.44636,-2.03188,13.5354,False,13.6533,0,0.967742,0.0198505,0.0401231,0.00616977,0.270297,0.00315415,-0.0862274,0,-0.0283955
2024-03-31,2023,True,False,31,5.62603,-1.94801,13.5354,False,13.6533,0,0.967742,0.0140472,0.0303905,0.00368496,0.0819244,0.00048644,0.179673,0,-0.00266771
2024-10-31,2024,False,False,31,6.91155,,,False,,,,-0.0116902,,,-0.217034,0,,,
2024-11-01,2024,True,False,31,7.31084,-1.94971,14.7794,False,15.2926,0,0.935484,-0.0173583,-0.0199611,-0.0105522,-0.325044,0.0176218,0.399293,,0.0176218
2024-11-02,2024,True,False,31,6.8572,-2.13509,14.7794,False,15.2926,0,0.903226,0.00219714,-0.0149451,0.00729296,-0.0466611,0.101206,-0.453641,0,0.0835838
2024-11-03,2024,True,False,31,6.53773,-2.26565,14.7794,False,15.2926,0,1,0.00309887,0.00977203,-0.000233094,-0.00570442,0.0510731,-0.319467,0,-0.0501325
2024-11-04,2024,True,False,31,7.80206,-1.74896,14.7794,False,15.2926,0,0.774194,0.0146907,0.00633287,0.0125314,0.169578,0.0512434,1.26433,0,0.000170251
2024-11-05,2024,True,False,31,7.41807,-1.90588,14.7794,False,15.2926,0,0.870968,0.0132514,0.0192308,0.00669432,0.230444,0.0208189,-0.383988,0,-0.0304245
2024-11-06,2024,True,False,31,7.93949,-1.6928,14.7794,False,15.2926,0,0.645161,0.00485496,0.0153368,-0.000374401,0.124359,0,0.521414,0,-0.0208189
2024-11-07,2024,True,False,31,8.34155,-1.52849,14.7794,False,15.2926,0,0.612903,-0.00895798,-0.0118211,-0.00492736,-0.165901,0.000499353,0.402064,0,0.000499353
2024-11-08,2024,True,False,31,9.83722,-0.917271,14.7794,False,15.2926,0,0.225806,-0.0059316,-0.00627072,-0.00379347,-0.0240501,0.00808557,1.49566,0,0.00758622
2024-11-09,2024,True,False,31,8.89091,-1.30399,14.7794,False,15.2926,0,0.387097,-0.0081305,-0.00116394,-0.00773363,-0.191742,0.00373918,-0.94631,0,-0.00434639
2024-11-10,2024,True,False,31,9.29153,-1.14027,14.7794,False,15.2926,0,0.225806,0.00310841,-0.0170275,0.00891424,-0.0283974,8.13526e-05,0.400619,0,-0.00365783
2024-11-11,2024,True,False,31,10.477,-0.65583,14.7794,False,15.2926,0,0,-0.00391562,0.0154202,-0.00917341,-0.07054,0.00250707,1.18544,0,0.00242572
2024-11-12,2024,True,False,31,11.079,-0.409819,14.7794,False,15.2926,0,0,-0.00633375,-0.00217187,-0.00559321,-0.182472,0.00487983,0.601991,0,0.00237276
2024-11-13,2024,True,False,31,11.2186,-0.352757,14.7794,False,15.2926,0,0.0322581,0.00223131,0.000949679,0.0019075,-0.0284509,0.00558435,0.139631,0,0.000704517
2024-11-14,2024,True,False,31,12.9745,0.36481,14.7794,False,15.2926,0.0322581,0,-0.00205863,0.00219507,-0.00280708,-0.0366456,0.0473309,1.75589,0.0322581,0.0417465
2024-11-15,2024,True,False,31,11.9789,-0.0420388,14.7794,False,15.2926,0.0322581,0,-0.00618557,-0.000357689,-0.00606361,-0.251025,0.0643941,-0.995561,0,0.0170632
2024-11-16,2024,True,False,31,11.7655,-0.12925,14.7794,False,15.2926,0,0.0322581,0.00863741,-0.00103982,0.00899196,0.0391835,0.189003,-0.213405,-0.0322581,0.124609
2024-11-17,2024,True,False,31,11.8125,-0.110041,14.7794,False,15.2926,0.0322581,0,-0.00101555,0.00351531,-0.00221416,-0.0270292,0.202261,0.0470028,0.0322581,0.0132582
2024-11-18,2024,True,False,31,12.6802,0.244557,14.7794,False,15.2926,0.0645161,0,0.0232333,0.0146098,0.0182518,0.212551,0.290196,0.867704,0.0322581,0.0879352
2024-11-19,2024,True,False,31,13.5339,0.593418,14.7794,False,15.2926,0.129032,0,0.0173049,0.0361823,0.00496792,0.0184483,0.29229,0.853663,0.0645161,0.0020941
2024-11-20,2024,True,False,31,14.8632,1.13666,14.7794,True,15.2926,0.451613,0,0.0105861,0.0395139,-0.00288691,0.144502,0.407537,1.32932,0.322581,0.115247
2024-11-21,2024,True,False,31,17.0407,2.02652,14.7794,True,15.2926,0.83871,0,0.000385658,0.0152376,-0.00480988,0.0706632,0.505392,2.1775,0.387097,0.0978547
2024-11-22,2024,True,False,31,17.1211,2.05938,14.7794,True,15.2926,0.935484,0,0.00741934,0.00296717,0.00640762,0.144437,0.550267,0.0804093,0.0967742,0.0448748
2024-11-23,2024,True,False,31,17.0951,2.04875,14.7794,True,15.2926,0.870968,0,0.00964877,0.00771786,0.00701721,0.0443425,0.706851,-0.0260118,-0.0645161,0.156584
2024-11-24,2024,True,False,31,16.1655,1.66887,14.7794,True,15.2926,0.774194,0,-0.00215743,0.0162308,-0.00769162,-0.0211683,0.765723,-0.929578,-0.0967742,0.0588721
2024-11-25,2024,True,False,31,16.1544,1.66433,14.7794,True,15.2926,0.741935,0,-0.00287974,-0.00265961,-0.00197289,-0.050505,1.23304,-0.0111067,-0.0322581,0.467321
2024-11-26,2024,True,False,31,15.2342,1.28828,14.7794,True,15.2926,0.516129,0,-0.009963,-0.0032405,-0.00885809,-0.30596,1.91099,-0.920188,-0.225806,0.677949
2024-11-27,2024,True,False,31,14.8223,1.11997,14.7794,True,15.2926,0.516129,0,-0.00484895,-0.00428303,-0.00338857,-0.263517,2.20667,-0.411872,0,0.295676
2024-11-28,2024,True,False,31,15.0133,1.19801,14.7794,True,15.2926,0.387097,0,-0.00480092,-0.00594429,-0.0027741,-0.278132,2.09278,0.190968,-0.129032,-0.113886
2024-11-29,2024,True,False,31,16.2736,1.71304,14.7794,True,15.2926,0.709677,0,0.00304163,-0.000223746,0.00311792,-0.0171981,1.69769,1.26028,0.322581,-0.395095
2024-11-30,2024,True,False,31,16.1082,1.64546,14.7794,True,15.2926,0.83871,0,0.00105117,0.00957213,-0.00221263,-0.133571,1.30113,-0.165362,0.129032,-0.396557
2024-12-01,2024,True,False,31,15.4709,0.0946737,17.9448,False,18.8226,0.0322581,0,-0.00242577,0.0107605,-0.00609478,-0.205371,1.77368,-0.637335,-0.806452,0.472551
2024-12-02,2024,True,False,31,14.0059,-0.504006,17.9448,False,18.8226,0,0.0967742,0.0123775,-0.00196894,0.0130489,-0.0356727,1.34254,-1.46498,-0.0322581,-0.431143
2024-12-03,2024,True,False,31,12.7786,-1.00555,17.9448,False,18.8226,0,0.193548,0.0121855,0.0132252,0.00767608,0.069009,1.29403,-1.2273,0,-0.0485083
2024-12-04,2024,True,False,31,13.2643,-0.807058,17.9448,False,18.8226,0,0.0322581,0.011583,0.0206068,0.00455673,0.155208,0.85666,0.485725,0,-0.437369
2024-12-05,2024,True,False,31,13.6881,-0.63389,17.9448,False,18.8226,0,0.129032,0.00662228,0.0268312,-0.00252634,0.167151,0.285143,0.423745,0,-0.571518
2024-12-06,2024,True,False,31,13.4968,-0.712066,17.9448,False,18.8226,0,0.129032,-0.01035,-0.00235981,-0.00954534,-0.0812085,0.526628,-0.191298,0,0.241485
2024-12-07,2024,True,False,31,13.1349,-0.859943,17.9448,False,18.8226,0,0.258065,0.0170812,-0.0278761,0.0265861,0.117319,1.03455,-0.361858,0,0.507923
2024-12-08,2024,True,False,31,14.0939,-0.468045,17.9448,False,18.8226,0,0.0967742,0.0162226,0.0261325,0.00731221,0.0229236,1.50781,0.958984,0,0.47326
2024-12-09,2024,True,False,31,13.2186,-0.82576,17.9448,False,18.8226,0,0.193548,0.0105183,0.0390715,-0.00280388,-0.0070725,1.43111,-0.875338,0,-0.076704
2024-12-10,2024,True,False,31,13.5027,-0.709628,17.9448,False,18.8226,0,0.16129,0.00995804,0.032006,-0.000954995,0.135811,1.00199,0.284177,0,-0.42912
2024-12-11,2024,True,False,31,13.9416,-0.530268,17.9448,False,18.8226,0,0.0645161,0.0047536,0.0125914,0.000460329,0.125604,0.395449,0.438899,0,-0.606538
2024-12-12,2024,True,False,31,15.2931,0.0220212,17.9448,False,18.8226,0.0322581,0.0322581,0.00682881,0.0114671,0.00291888,0.150578,0.320927,1.35146,0.0322581,-0.0745228
2024-12-13,2024,True,False,31,16.0028,0.312056,17.9448,False,18.8226,0,0.0322581,0.0245258,0.0243147,0.0162353,0.30432,0.419605,0.709721,-0.0322581,0.0986787
2024-12-14,2024,True,False,31,14.2315,-0.411837,17.9448,False,18.8226,0,0.0645161,0.0238028,0.0285621,0.0140641,0.363223,0.814023,-1.77138,0,0.394418
2024-12-15,2024,True,False,31,13.7991,-0.588507,17.9448,False,18.8226,0,0.16129,0.00854515,0.0274073,-0.000799893,0.129225,0.870523,-0.432316,0,0.0564998
2024-12-16,2024,True,False,31,12.752,-1.01642,17.9448,False,18.8226,0,0.387097,0.00889572,0.0159319,0.00346344,0.0487312,1.32529,-1.04711,0,0.454766
2024-12-17,2024,True,False,31,11.9101,-1.36049,17.9448,False,18.8226,0,0.580645,-0.0171234,-0.00766439,-0.0145101,-0.113905,1.4586,-0.841941,0,0.13331
2024-12-18,2024,True,False,31,11.1848,-1.6569,17.9448,False,18.8226,0,0.774194,-0.013912,-0.0463476,0.0018911,-0.311045,1.57181,-0.725323,0,0.113212
2024-12-19,2024,True,False,31,11.5918,-1.49056,17.9448,False,18.8226,0,0.741935,-0.00601786,-0.0110237,-0.00225913,-0.158593,1.27644,0.40704,0,-0.295374
2024-12-20,2024,True,False,31,12.0049,-1.32175,17.9448,False,18.8226,0,0.451613,0.00677842,0.00116912,0.00637978,0.00525332,0.67828,0.413077,0,-0.598156
2024-12-21,2024,True,False,31,12.8571,-0.973498,17.9448,False,18.8226,0,0.225806,0.0056969,0.0123621,0.00148182,0.0806245,0.0833919,0.852173,0,-0.594888
2024-12-22,2024,True,False,31,14.0418,-0.489321,17.9448,False,18.8226,0,0.0322581,0.0131315,0.0106003,0.00951712,0.350496,0.0780266,1.18479,0,-0.00536533
2024-12-23,2024,True,False,31,14.8999,-0.138671,17.9448,False,18.8226,0,0,0.0173062,0.0161719,0.0117921,0.305088,0.11933,0.858051,0,0.041303
2024-12-24,2024,True,False,31,15.3925,0.0626231,17.9448,False,18.8226,0,0,0.0128954,0.0178091,0.00682301,0.336558,0.10565,0.49257,0,-0.0136795
2024-12-25,2024,True,False,31,16.4914,0.511716,17.9448,False,18.8226,0.0967742,0,0.0142079,0.018796,0.00779906,0.186381,0.19418,1.09894,0.0967742,0.0885304
2024-12-26,2024,True,False,31,17.9054,1.08955,17.9448,False,18.8226,0.193548,0,0.00750471,0.0219108,3.3794e-05,0.184675,0.364934,1.41398,0.0967742,0.170753
2024-12-27,2024,True,False,31,18.8013,1.45569,17.9448,True,18.8226,0.483871,0,0.000999053,0.00696135,-0.00137455,0.0888619,0.607131,0.895944,0.290323,0.242198
2024-12-28,2024,True,False,31,19.3292,1.67142,17.9448,True,18.8226,0.645161,0,0.00140549,-0.000412294,0.00154607,0.136721,0.97095,0.527896,0.16129,0.363818
2024-12-29,2024,True,False,31,20.2029,2.02845,17.9448,True,18.8226,0.903226,0,-0.00947926,-0.00671869,-0.0071884,-0.246464,1.62767,0.87365,0.258065,0.656718
2024-12-30,2024,True,False,31,22.1365,2.81865,17.9448,True,18.8226,0.967742,0,0.0254415,0.00674416,0.023142,-0.120389,2.34332,1.93365,0.0645161,0.715653
2024-12-31,2024,True,False,31,21.4691,2.54589,17.9448,True,18.8226,0.935484,0,-0.00361469,0.0533781,-0.021815,-0.25638,3.07065,-0.667454,-0.0322581,0.727327
2025-01-01,2024,True,False,31,20.4352,1.12261,20.4484,False,21.3505,0.258065,0,0.00466855,0.0116935,0.00068144,-0.0412667,3.21793,-1.03392,-0.677419,0.147283
2025-01-02,2024,True,False,31,20.143,1.00472,20.4484,False,21.3505,0.258065,0,0.0116032,0.00325677,0.0104927,0.122896,3.67727,-0.29219,0,0.459336
2025-01-03,2024,True,False,31,19.1494,0.603851,20.4484,False,21.3505,0.0322581,0,0.00179132,0.0144626,-0.00313999,0.030596,4.18502,-0.9936,-0.225806,0.507754
2025-01-04,2024,True,False,31,18.3228,0.270388,20.4484,False,21.3505,0.0322581,0,0.00945527,0.0126121,0.00515493,0.0325049,4.48589,-0.826515,0,0.300869
2025-01-05,2024,True,False,31,18.9512,0.523904,20.4484,False,21.3505,0.0645161,0,0.00714334,0.0103471,0.00361531,0.101637,4.35967,0.62836,0.0322581,-0.126222
2025-01-06,2024,True,False,31,18.9462,0.521874,20.4484,False,21.3505,0.0322581,0,0.00550235,0.0144257,0.000583638,0.127413,4.00956,-0.00502966,-0.0322581,-0.350109
2025-01-07,2024,True,False,31,20.5159,1.15517,20.4484,True,21.3505,0.419355,0,0.0174194,0.0110943,0.0136366,0.239836,3.15991,1.56967,0.387097,-0.849645
2025-01-08,2024,True,False,31,20.178,1.01886,20.4484,False,21.3505,0.129032,0,-0.0042732,0.0178393,-0.0103559,-0.157278,3.06817,-0.337849,-0.290323,-0.0917458
2025-01-09,2024,True,False,31,19.8619,0.891325,20.4484,False,21.3505,0.129032,0,0.00566879,-0.00150836,0.00618309,0.164863,3.69789,-0.316108,0,0.629723
2025-01-10,2024,True,False,31,20.4533,1.12995,20.4484,True,21.3505,0.193548,0,0.00462897,0.0221481,-0.00292285,-0.142656,4.24419,0.591451,0.0645161,0.546297
2025-01-11,2024,True,False,31,20.2726,1.05702,20.4484,False,21.3505,0.290323,0,0.00285056,0.00551335,0.000970681,-0.0880021,4.20818,-0.180766,0.0967742,-0.0360079
2025-01-12,2024,True,False,31,21.4199,1.51992,20.4484,True,21.3505,0.483871,0,0.00587128,0.0183609,-0.000389206,0.0572727,3.18888,1.14734,0.193548,-1.0193
2025-01-13,2024,True,False,31,21.5443,1.57011,20.4484,True,21.3505,0.612903,0,0.0249561,0.0103261,0.0214352,0.24772,2.43618,0.124399,0.129032,-0.752704
2025-01-14,2024,True,False,31,20.9985,1.34991,20.4484,True,21.3505,0.354839,0,0.00278784,0.0185124,-0.00352433,0.130165,2.95203,-0.545791,-0.258065,0.515851
2025-01-15,2024,True,False,31,19.6332,0.799072,20.4484,False,21.3505,0.129032,0,-0.00860005,0.00059015,-0.00880127,-0.20823,5.23345,-1.36529,-0.225806,2.28142
2025-01-16,2024,True,False,31,18.3922,0.298356,20.4484,False,21.3505,0.0322581,0,-0.0109875,0.0262418,-0.0199352,-0.316292,7.80518,-1.24107,-0.0967742,2.57173
2025-01-17,2024,True,False,31,17.9156,0.106068,20.4484,False,21.3505,0,0,0.00208912,-0.00218942,0.00283565,-0.0923656,6.92963,-0.476602,-0.0322581,-0.875551
2025-01-18,2024,True,False,31,18.557,0.364869,20.4484,False,21.3505,0,0,0.0117349,0.0114865,0.00781839,0.00971023,5.9246,0.64146,0,-1.00503
2025-01-19,2024,True,False,31,16.929,-0.291984,20.4484,False,21.3505,0,0,0.00386481,0.0352668,-0.00816008,0.0598399,4.85908,-1.62807,0,-1.06552
2025-01-20,2024,True,False,31,16.3995,-0.505605,20.4484,False,21.3505,0,0.0322581,0.00122819,0.00423109,-0.000214481,0.126616,3.55802,-0.529476,0,-1.30106
2025-01-21,2024,True,False,31,17.6059,-0.0188779,20.4484,False,21.3505,0,0,0.00451749,0.0206042,-0.00250791,0.0469334,3.20621,1.20639,0,-0.351805
2025-01-22,2024,True,False,31,16.8231,-0.334694,20.4484,False,21.3505,0,0.0322581,-0.00188268,0.0168943,-0.00764312,-0.0895328,2.80539,-0.782778,0,-0.400825
2025-01-23,2024,True,False,31,17.2512,-0.161993,20.4484,False,21.3505,0,0,0.0106988,0.00658496,0.00845353,0.147886,2.34121,0.428054,0,-0.464182
2025-01-24,2024,True,False,31,16.541,-0.4485,20.4484,False,21.3505,0,0,0.0439111,0.0336451,0.0324391,0.326312,2.26056,-0.710131,0,-0.0806519
2025-01-25,2024,True,False,31,17.2986,-0.142871,20.4484,False,21.3505,0,0.0322581,0.0190733,0.065206,-0.00315997,0.144248,1.43014,0.757526,0,-0.830412
2025-01-26,2024,True,False,31,16.1645,-0.600422,20.4484,False,21.3505,0,0.0645161,0.024558,0.0274085,0.0152125,0.116763,0.726717,-1.13408,0,-0.703427
2025-01-27,2024,True,False,31,16.6744,-0.394704,20.4484,False,21.3505,0,0,0.0149451,0.0318317,0.00409152,0.0327962,1.01184,0.50989,0,0.285124
2025-01-28,2024,True,False,31,16.7202,-0.376218,20.4484,False,21.3505,0,0,-0.00801633,0.0467364,-0.023952,0.0187344,0.716069,0.0458193,0,-0.295772
2025-01-29,2024,True,False,31,16.6053,-0.422567,20.4484,False,21.3505,0,0.0645161,0.00686211,0.00126895,0.00642944,0.142214,0.714729,-0.114881,0,-0.00133998
2025-01-30,2024,True,False,31,16.5586,-0.441416,20.4484,False,21.3505,0,0,0.0131612,0.0245019,0.00480675,-0.0791728,0.866449,-0.0467176,0,0.151719
2025-01-31,2024,True,False,31,15.9058,-0.704779,20.4484,False,21.3505,0,0.0322581,0.0879835,0.0860055,0.0586583,0.39528,0.851068,-0.652767,0,-0.0153801
2025-02-01,2024,True,False,31,16.3442,0.538089,18.212,False,18.7383,0.0322581,0,0.0389152,0.118408,-0.00145821,0.341105,0.977719,0.438362,0.0322581,0.126651
2025-02-02,2024,True,False,31,17.4333,0.932095,18.212,False,18.7383,0.290323,0,0.0369917,0.0739673,0.0117711,0.371341,0.975208,1.0891,0.258065,-0.00251177
2025-02-03,2024,True,False,31,17.6833,1.02256,18.212,False,18.7383,0.258065,0,0.0101807,0.0469154,-0.00581599,0.0609534,0.758345,0.25005,-0.0322581,-0.216863
2025-02-04,2024,True,False,31,17.6543,1.01204,18.212,False,18.7383,0.193548,0,0.0256865,0.0170803,0.0198626,0.216304,1.13906,-0.0290647,-0.0645161,0.380718
2025-02-05,2024,True,False,31,17.1209,0.819085,18.212,False,18.7383,0.16129,0,0.00306646,0.0324736,-0.00800603,0.064802,1.30221,-0.533362,-0.0322581,0.163149
2025-02-06,2024,True,False,31,17.3364,0.897033,18.212,False,18.7383,0.225806,0,0.00095481,0.00785613,-0.00172389,0.0463496,1.88823,0.215461,0.0645161,0.586021
2025-02-07,2024,True,False,31,17.4381,0.933858,18.212,False,18.7383,0.258065,0,0.00880721,0.00832148,0.00596984,0.0283904,2.22732,0.101788,0.0322581,0.339088
2025-02-08,2024,True,False,31,18.1136,1.17823,18.212,False,18.7383,0.387097,0,0.00266737,0.00445526,0.00114826,-0.0157882,1.92876,0.675476,0.129032,-0.298556
2025-02-09,2024,True,False,31,18.8172,1.43275,18.212,True,18.7383,0.451613,0,0.00640115,0.0195752,-0.000273368,0.0591204,2.24048,0.703546,0.0645161,0.311719
2025-02-10,2024,True,False,31,18.2312,1.22076,18.212,True,18.7383,0.322581,0,0.00288909,0.00452579,0.00134594,0.0127827,1.80979,-0.585976,-0.129032,-0.430692
2025-02-11,2024,True,False,31,19.084,1.52929,18.212,True,18.7383,0.645161,0,0.00466383,-0.00342187,0.00583058,-0.0100124,1.89506,0.852812,0.322581,0.0852731
2025-02-12,2024,True,False,31,18.3795,1.27442,18.212,True,18.7383,0.354839,0,0.00733863,0.0290065,-0.00255169,-0.051439,2.59119,-0.704498,-0.290323,0.696128
2025-02-13,2024,True,False,31,17.3515,0.902521,18.212,False,18.7383,0.16129,0,1.38315e-05,0.0243288,-0.00828153,0.00423932,3.17798,-1.02798,-0.193548,0.586791
2025-02-14,2024,True,False,31,16.604,0.632074,18.212,False,18.7383,0,0,-0.00923587,0.0140863,-0.0140389,-0.179946,4.86386,-0.747559,-0.16129,1.68588
2025-02-15,2024,True,False,31,15.52,0.239915,18.212,False,18.7383,0,0,-0.0113321,0.00219287,-0.0120798,-0.266531,5.61722,-1.08399,0,0.753355
2025-02-16,2024,True,False,31,14.6724,-0.0667162,18.212,False,18.7383,0,0,0.00236747,-0.0122318,0.00653814,0.0317833,5.52193,-0.847577,0,-0.0952831
2025-02-17,2024,True,False,31,13.8455,-0.365851,18.212,False,18.7383,0,0,-0.0135389,0.00226317,-0.0143106,-0.397165,4.85182,-0.826856,0,-0.670119
2025-02-18,2024,True,False,31,14.2454,-0.221182,18.212,False,18.7383,0,0,0.00257279,-0.0162619,0.0081176,0.0453815,2.60218,0.399888,0,-2.24963
2025-02-19,2024,True,False,31,15.6884,0.300853,18.212,False,18.7383,0,0,-0.000240037,0.0134017,-0.00480959,-0.0364266,1.36027,1.44299,0,-1.24192
2025-02-20,2024,True,False,31,15.1075,0.0906822,18.212,False,18.7383,0,0,0.00708723,0.00440982,0.00558362,0.22831,0.342729,-0.580946,0,-1.01754
2025-02-21,2024,True,False,31,15.137,0.101361,18.212,False,18.7383,0,0,-0.00220365,0.0172905,-0.00809917,0.0666175,0.0745993,0.029517,0,-0.26813
2025-02-22,2024,True,False,31,14.4517,-0.146566,18.212,False,18.7383,0,0,0.0223624,4.52769e-05,0.022347,0.272721,0.0528482,-0.685308,0,-0.0217511
2025-02-23,2024,True,False,31,13.8223,-0.374244,18.212,False,18.7383,0,0,0.0140714,0.0449589,-0.00125816,0.184428,0.0463534,-0.62934,0,-0.00649482
2025-02-24,2024,True,False,31,13.4596,-0.505484,18.212,False,18.7383,0,0,0.0142985,0.0294825,0.00424585,0.0977342,0.357707,-0.362767,0,0.311353
2025-02-25,2024,True,False,31,12.8461,-0.727407,18.212,False,18.7383,0,0.0645161,-0.0131741,0.0250805,-0.0217258,-0.146326,0.616701,-0.613433,0,0.258994
2025-02-26,2024,True,False,31,12.1133,-0.992526,18.212,False,18.7383,0,0.129032,-0.00367957,-0.00705454,-0.00127419,-0.17131,0.967929,-0.732831,0,0.351228
2025-02-27,2024,True,False,31,11.7255,-1.13281,18.212,False,18.7383,0,0.16129,-0.0212196,0.0269691,-0.0304152,-0.303533,1.01625,-0.38777,0,0.0483187
2025-02-28,2024,True,False,31,11.2632,-1.30009,18.212,False,18.7383,0,0.354839,0.0161984,-0.0200709,0.0230419,0.236549,0.458568,-0.46238,0,-0.557679
2025-03-01,2024,True,False,31,10.7023,0.421539,13.5354,False,13.6569,0.0322581,0,-0.000740433,0.0208582,-0.00785242,-0.00928598,0.196253,-0.560826,0.0322581,-0.262315
2025-03-02,2024,True,False,31,10.3704,0.266574,13.5354,False,13.6569,0.0322581,0,0.000685272,0.0210281,-0.00648464,-0.0180101,0.25833,-0.331983,0,0.0620771
2025-03-03,2024,True,False,31,9.9762,0.0825887,13.5354,False,13.6569,0,0,0.0145365,0.0155405,0.00923769,0.071355,0.218518,-0.394153,-0.0322581,-0.0398126
2025-03-04,2024,True,False,31,10.3092,0.238015,13.5354,False,13.6569,0,0,0.00027621,0.0184508,-0.00601492,0.00850434,0.464594,0.33297,0,0.246076
2025-03-05,2024,True,False,31,10.3115,0.239095,13.5354,False,13.6569,0,0,0.000461433,0.00223865,-0.000301878,-0.0339363,0.112099,0.00231354,0,-0.352495
2025-03-06,2024,True,False,31,10.9563,0.540099,13.5354,False,13.6569,0.0322581,0,-0.00674011,0.00937326,-0.00993611,-0.152201,0.147071,0.644846,0.0322581,0.0349711
2025-03-07,2024,True,False,31,9.8252,0.0121034,13.5354,False,13.6569,0,0,0.0273922,0.00801017,0.024661,0.229071,0.0341058,-1.13113,-0.0322581,-0.112965
2025-03-08,2024,True,False,31,10.2842,0.226345,13.5354,False,13.6569,0,0,0.000992074,0.03577,-0.0112044,-0.0175719,0.025929,0.458971,0,-0.00817675
2025-03-09,2024,True,False,31,10.3709,0.266821,13.5354,False,13.6569,0,0,0.000736783,0.00453378,-0.000809095,0.0311312,0.0837912,0.0867117,0,0.0578622
2025-03-10,2024,True,False,31,10.034,0.109554,13.5354,False,13.6569,0,0,0.000301535,-0.00368259,0.00155718,0.0186533,0.104525,-0.336913,0,0.0207341
2025-03-11,2024,True,False,31,8.5,-0.606481,13.5354,False,13.6569,0,0,-0.00602704,-0.00228431,-0.00524816,-0.0477952,0.106454,-1.53397,0,0.00192824
2025-03-12,2024,True,False,31,8.44589,-0.631736,13.5354,False,13.6569,0,0,-0.00371371,0.00714307,-0.00614928,-0.143191,0.114202,-0.0541043,0,0.00774879
2025-03-13,2024,True,False,31,8.64968,-0.536613,13.5354,False,13.6569,0,0,0.00699184,0.00875373,0.00400709,0.090956,0.152473,0.203784,0,0.038271
2025-03-14,2024,True,False,31,9.43544,-0.169831,13.5354,False,13.6569,0,0,0.0198459,0.0140846,0.0150434,0.263584,0.0596786,0.78576,0,-0.0927947
2025-03-15,2024,True,False,31,9.24799,-0.257327,13.5354,False,13.6569,0,0,0.00628868,0.0243397,-0.0020104,0.111214,0.125295,-0.187443,0,0.0656166
2025-03-16,2024,True,False,31,8.91831,-0.411217,13.5354,False,13.6569,0,0.0322581,0.00705911,0.016168,0.00154634,0.0913059,0.0775647,-0.32968,0,-0.0477305
2025-03-17,2024,True,False,31,9.06766,-0.341505,13.5354,False,13.6569,0,0.0322581,-0.00279535,-0.00444126,-0.00128102,-0.00584123,0.0164483,0.149344,0,-0.0611164
2025-03-18,2024,True,False,31,10.044,0.114258,13.5354,False,13.6569,0,0,-0.00106724,0.0171471,-0.00691388,-0.139899,0.0190094,0.976386,0,0.00256113
2025-03-19,2024,True,False,31,9.79696,-0.00107726,13.5354,False,13.6569,0,0,0.00436372,0.0138166,-0.000347329,0.00961962,0.0382126,-0.247084,0,0.0192032
2025-03-20,2024,True,False,31,10.064,0.12359,13.5354,False,13.6569,0,0,-0.0128398,0.00479755,-0.0144756,-0.243678,0.0151584,0.267076,0,-0.0230541
2025-03-21,2024,True,False,31,7.93672,-0.869412,13.5354,False,13.6569,0,0.16129,0.00346213,-0.0124486,0.00770671,-0.0570592,0.00240553,-2.12732,0,-0.0127529
2025-03-22,2024,True,False,31,7.76757,-0.94837,13.5354,False,13.6569,0,0.290323,-0.0006966,0.0165083,-0.00632541,-0.112263,0,-0.169153,0,-0.00240553
2025-03-23,2024,True,False,31,7.8402,-0.914465,13.5354,False,13.6569,0,0.225806,0.00270933,0.00564083,0.000785981,-0.0835316,0.0428836,0.0726341,0,0.0428836
2025-03-24,2024,True,False,31,7.78816,-0.938757,13.5354,False,13.6569,0,0.225806,0.00617372,0.0162108,0.000646344,0.0254421,0.0340686,-0.0520399,0,-0.00881506
2025-03-25,2024,True,False,31,7.38884,-1.12516,13.5354,False,13.6569,0,0.387097,0.0134264,0.00508062,0.0116941,0.161281,0.0354874,-0.399325,0,0.00141887
2025-03-26,2024,True,False,31,7.60914,-1.02232,13.5354,False,13.6569,0,0.290323,0.00443442,0.0212472,-0.0028102,0.143581,0.0858382,0.220305,0,0.0503507
2025-03-27,2024,True,False,31,6.89397,-1.35615,13.5354,False,13.6569,0,0.516129,0.0026548,0.00647152,0.000448217,0.0482039,0.0811194,-0.715175,0,-0.00471873
2025-03-28,2024,True,False,31,7.40313,-1.11848,13.5354,False,13.6569,0,0.290323,-0.00727723,0.00457202,-0.00883614,-0.0839338,0.0256809,0.509165,0,-0.0554385
2025-03-29,2024,True,False,31,7.76935,-0.947539,13.5354,False,13.6569,0,0.322581,-0.0245424,-0.0270312,-0.0153256,-0.333727,0.00357642,0.366215,0,-0.0221045
2025-03-30,2024,True,False,31,9.55312,-0.114899,13.5354,False,13.6569,0,0,-0.0073538,-0.0231146,0.000527565,-0.132032,0.0154714,1.78377,0,0.0118949
2025-03-31,2024,True,False,31,9.19493,-0.282096,13.5354,False,13.6569,0,0.0322581,-0.0161662,-0.0189711,-0.00969768,-0.134663,0.0200403,-0.358188,0,0.0045689
2025-10-31,2025,False,True,31,7.94299,,,False,,,,-0.00367861,,,-0.0893143,0,,,
2025-11-01,2025,False,True,31,7.71532,-1.78441,15.2354,False,15.7099,0,0.774194,0.00642626,0.00678112,0.00411411,0.149073,1.43501e-05,-0.227669,,1.43501e-05
2025-11-02,2025,False,True,31,8.32229,-1.53637,15.2354,False,15.7099,0,0.516129,0.00885553,0.0147118,0.00383926,0.166461,0.00235174,0.60697,0,0.00233739
2025-11-03,2025,False,True,31,9.41164,-1.09119,15.2354,False,15.7099,0,0.225806,0.0294412,0.0258551,0.0206254,0.0889877,0.0157159,1.08935,0,0.0133641
2025-11-04,2025,False,True,31,9.26308,-1.1519,15.2354,False,15.7099,0,0.225806,0.0153633,0.0375476,0.00256069,0.0883288,0.0740691,-0.148561,0,0.0583532
2025-11-05,2025,False,True,31,9.30021,-1.13673,15.2354,False,15.7099,0,0.322581,0.026464,0.0166429,0.0207893,0.286836,0.243071,0.0371283,0,0.169002
2025-11-06,2025,False,True,31,8.99399,-1.26187,15.2354,False,15.7099,0,0.354839,0.0145887,0.0260069,0.0057211,0.260985,0.311831,-0.30622,0,0.0687604
2025-11-07,2025,False,True,31,9.33859,-1.12104,15.2354,False,15.7099,0,0.193548,-0.00707357,0.0173091,-0.0129754,-0.13269,0.203454,0.344603,0,-0.108377
2025-11-08,2025,False,True,31,8.58927,-1.42726,15.2354,False,15.7099,0,0.419355,-0.00670845,-0.00213588,-0.00598018,-0.173269,0.261632,-0.749322,0,0.0581788
2025-11-09,2025,False,True,31,9.84267,-0.915041,15.2354,False,15.7099,0,0.0645161,0.0163448,0.00472352,0.0147342,0.248485,0.00666418,1.2534,0,-0.254968
2025-11-10,2025,False,True,31,10.7997,-0.523939,15.2354,False,15.7099,0,0.0322581,0.0128981,0.0219615,0.00540994,0.151976,0.00254295,0.957028,0,-0.00412123
2025-11-11,2025,False,True,31,9.90094,-0.891228,15.2354,False,15.7099,0,0.129032,-0.0203329,0.00773785,-0.0229712,-0.248301,0.000520981,-0.898757,0,-0.00202197
2025-11-12,2025,False,True,31,10.5001,-0.646386,15.2354,False,15.7099,0,0.0322581,-0.00102854,-0.0376296,0.011802,-0.0767815,0.0267105,0.599128,0,0.0261895
2025-11-13,2025,False,True,31,10.6857,-0.570513,15.2354,False,15.7099,0,0.0322581,0.0106501,0.00294631,0.00964549,0.0671245,0.0309943,0.185662,0,0.00428383
2025-11-14,2025,False,True,31,10.2096,-0.765107,15.2354,False,15.7099,0,0.0967742,0.0267798,0.0208461,0.0196719,0.39329,0.0207815,-0.476171,0,-0.0102128
2025-11-15,2025,False,True,31,10.4699,-0.658729,15.2354,False,15.7099,0,0.0322581,-0.0103074,0.0351526,-0.0222934,-0.054098,0.0111576,0.260307,0,-0.00962391
2025-11-16,2025,False,True,31,10.379,-0.695868,15.2354,False,15.7099,0,0.0322581,0.0234574,0.00704193,0.0210564,0.184694,0.00156606,-0.0908806,0,-0.0095915
2025-11-17,2025,False,True,31,11.5099,-0.233699,15.2354,False,15.7099,0,0,0.0122229,0.0281265,0.0026326,0.0778261,0.00230224,1.13093,0,0.000736179
2025-11-18,2025,False,True,31,11.9612,-0.0492935,15.2354,False,15.7099,0,0,0.0107366,0.0185731,0.00440378,0.139694,0,0.451242,0,-0.00230224
2025-11-19,2025,False,True,31,13.6315,0.6333,15.2354,False,15.7099,0.0322581,0,-0.00329556,0.01387,-0.0080248,-0.0486609,0.00234059,1.67031,0.0322581,0.00234059
2025-11-20,2025,False,True,31,13.9286,0.754733,15.2354,False,15.7099,0.0645161,0,-0.00445946,-0.00465195,-0.00287329,-0.203967,0.065742,0.297148,0.0322581,0.0634014
2025-11-21,2025,False,True,31,14.3161,0.913079,15.2354,False,15.7099,0.0967742,0,-0.0066292,0.0147511,-0.0116589,-0.0774879,0.18967,0.387472,0.0322581,0.123928
2025-11-22,2025,False,True,31,14.3307,0.919069,15.2354,False,15.7099,0.225806,0,-0.0047419,-0.0128118,-0.000373486,-0.086389,0.348753,0.0146578,0.129032,0.159083
2025-11-23,2025,False,True,31,14.4553,0.969974,15.2354,False,15.7099,0.193548,0,-0.0150118,0.00676069,-0.017317,-0.341367,0.687866,0.124565,-0.0322581,0.339113
2025-11-24,2025,False,True,31,15.3924,1.35294,15.2354,True,15.7099,0.419355,0,-0.00689224,-0.000809163,-0.00661634,-0.10432,1.00355,0.937129,0.225806,0.315686
2025-11-25,2025,False,True,31,16.0549,1.62368,15.2354,True,15.7099,0.612903,0,0.0243376,0.0257403,0.0155609,0.19208,1.31351,0.662495,0.193548,0.309958
2025-11-26,2025,False,True,31,16.227,1.69398,15.2354,True,15.7099,0.548387,0,0.00541648,0.0567619,-0.0139376,0.0473116,1.36291,0.17203,-0.0645161,0.0493984
2025-11-27,2025,False,True,31,16.3716,1.7531,15.2354,True,15.7099,0.645161,0,-0.0033305,0.00725856,-0.00580544,-0.0670139,1.35913,0.144647,0.0967742,-0.00377396
2025-11-28,2025,False,True,31,15.2988,1.31468,15.2354,True,15.7099,0.290323,0,-0.00355362,0.00673729,-0.00585083,-0.0433135,1.43357,-1.0728,-0.354839,0.0744316
2025-11-29,2025,False,True,31,15.4564,1.3791,15.2354,True,15.7099,0.322581,0,-0.00542664,-0.016675,0.000259008,-0.00915915,1.30479,0.157639,0.0322581,-0.12878
2025-11-30,2025,False,True,31,14.7835,1.10411,15.2354,False,15.7099,0.193548,0,-0.00548145,-0.0126525,-0.00116735,-0.103193,1.84195,-0.672903,-0.129032,0.537168
2025-12-01,2025,False,True,31,15.7404,0.2048,18.1005,False,18.9594,0,0.0322581,-0.00456212,0.00344887,-0.00573808,-0.170741,1.76441,0.956829,-0.193548,-0.0775469
2025-12-02,2025,False,True,31,16.096,0.350111,18.1005,False,18.9594,0.0645161,0,-0.000971811,-0.0151691,0.00420037,-0.06379,1.66797,0.35558,0.0645161,-0.0964416
2025-12-03,2025,False,True,31,15.5761,0.137681,18.1005,False,18.9594,0.0322581,0.0645161,-4.69189e-05,-0.00965905,0.00324652,-0.027872,1.46343,-0.519822,-0.0322581,-0.204537
2025-12-04,2025,False,True,31,15.9249,0.280191,18.1005,False,18.9594,0,0,0.00955392,0.0043055,0.00808588,0.0190068,1.51127,0.348727,-0.0322581,0.0478426
2025-12-05,2025,False,True,31,16.3936,0.471749,18.1005,False,18.9594,0.129032,0,-0.00694838,0.0243669,-0.0152567,-0.0996837,1.08251,0.468745,0.129032,-0.42876
2025-12-06,2025,False,True,31,18.4766,1.323,18.1005,True,18.9594,0.354839,0,0.0107192,-0.00820125,0.0135155,0.171175,1.35199,2.08302,0.225806,0.269476
2025-12-07,2025,False,True,31,17.2931,0.839334,18.1005,False,18.9594,0.258065,0,-0.0371847,0.0022168,-0.0379406,-0.0664814,1.43203,-1.18353,-0.0967742,0.0800391
2025-12-08,2025,False,True,31,16.7984,0.637168,18.1005,False,18.9594,0.0967742,0,-0.00866685,-0.0251643,-8.65834e-05,-0.0789923,2.50523,-0.494705,-0.16129,1.0732
2025-12-09,2025,False,True,31,16.2887,0.428878,18.1005,False,18.9594,0.0645161,0,-0.000189875,0.00247413,-0.00103348,0.00621696,2.91875,-0.509689,-0.0322581,0.413523
2025-12-10,2025,False,True,31,14.2699,-0.396106,18.1005,False,18.9594,0,0.0967742,-0.0045688,0.0032263,-0.00566887,-0.114062,3.48306,-2.01876,-0.0645161,0.56431
2025-12-11,2025,False,True,31,13.0067,-0.912329,18.1005,False,18.9594,0,0.225806,0.00593358,0.018313,-0.000310581,-0.00610108,2.94283,-1.26321,0,-0.540229
2025-12-12,2025,False,True,31,12.2965,-1.20259,18.1005,False,18.9594,0,0.419355,0.0148231,0.0139589,0.0100636,0.254191,2.01761,-0.710278,0,-0.925225
2025-12-13,2025,False,True,31,13.8292,-0.576207,18.1005,False,18.9594,0,0.16129,0.0015195,0.009216,-0.00162287,0.168074,1.10648,1.53278,0,-0.911121
2025-12-14,2025,False,True,31,13.7148,-0.622983,18.1005,False,18.9594,0,0.16129,-0.00770845,-0.00968997,-0.00440447,0.141916,0.628735,-0.114463,0,-0.477749
2025-12-15,2025,False,True,31,13.7575,-0.605533,18.1005,False,18.9594,0,0.0322581,0.0143371,-0.00377264,0.0156234,0.245378,0.826533,0.0427016,0,0.197798
2025-12-16,2025,False,True,31,12.1773,-1.2513,18.1005,False,18.9594,0,0.419355,-0.000286926,0.0183718,-0.00655114,-0.00110634,0.839419,-1.58021,0,0.0128859
2025-12-17,2025,False,True,31,13.2117,-0.828588,18.1005,False,18.9594,0,0.193548,-0.0139927,0.00779449,-0.0166504,-0.237081,1.02793,1.03439,0,0.188509
2025-12-18,2025,False,True,31,12.6671,-1.05114,18.1005,False,18.9594,0,0.419355,0.0119881,-0.00460247,0.0135574,-0.0407612,0.714942,-0.544597,0,-0.312986
2025-12-19,2025,False,True,31,12.8225,-0.987601,18.1005,False,18.9594,0,0.322581,0.0154333,0.0571409,-0.00405001,0.230332,0.5578,0.155489,0,-0.157143
2025-12-20,2025,False,True,31,13.265,-0.806777,18.1005,False,18.9594,0,0.129032,0.0358421,0.0408266,0.0219215,0.453383,0.210762,0.44248,0,-0.347037
2025-12-21,2025,False,True,31,13.2304,-0.820933,18.1005,False,18.9594,0,0.290323,0.0381525,0.0707656,0.0140236,0.472884,0.261146,-0.0346406,0,0.0503835
2025-12-22,2025,False,True,31,14.9671,-0.111226,18.1005,False,18.9594,0,0.0322581,0.0328465,0.0618519,0.0117569,0.254014,0.359866,1.73667,0,0.0987205
2025-12-23,2025,False,True,31,15.5262,0.117269,18.1005,False,18.9594,0.0322581,0,0.0144087,0.0306993,0.00394122,0.120944,0.461099,0.559132,0.0322581,0.101233
2025-12-24,2025,False,True,31,15.8116,0.233912,18.1005,False,18.9594,0.0967742,0,0.00351375,0.0135909,-0.00112034,0.0526873,1.04479,0.285428,0.0645161,0.583689
2025-12-25,2025,False,True,31,16.1176,0.358977,18.1005,False,18.9594,0.0322581,0,0.00513221,0.00903746,0.00205071,0.0368198,1.45143,0.306036,-0.0645161,0.406637
2025-12-26,2025,False,True,31,17.0131,0.724892,18.1005,False,18.9594,0.0967742,0,0.00173675,0.00694909,-0.000632671,0.0327602,1.76004,0.895403,0.0645161,0.308617
2025-12-27,2025,False,True,31,16.3927,0.471387,18.1005,False,18.9594,0.0645161,0,0.0136274,0.0179342,0.00751239,0.0712361,2.14775,-0.620332,-0.0322581,0.387703
2025-12-28,2025,False,True,31,16.0258,0.321448,18.1005,False,18.9594,0.0645161,0,0.0352903,0.0409798,0.0213174,0.0313916,2.72522,-0.366905,0,0.57747
2025-12-29,2025,False,True,31,15.2688,0.0120695,18.1005,False,18.9594,0.0322581,0.0322581,0.0288767,0.0604995,0.0082483,0.317859,2.10284,-0.757056,-0.0322581,-0.622371
2025-12-30,2025,False,True,31,17.0091,0.723288,18.1005,False,18.9594,0.129032,0,0.0117907,0.0447473,-0.00346678,0.212531,2.41717,1.74037,0.0967742,0.314325
2025-12-31,2025,False,True,31,16.3782,0.465471,18.1005,False,18.9594,0.0967742,0,0.0100277,0.013628,0.00538099,0.0369765,1.64509,-0.630883,-0.0322581,-0.772082
2026-01-01,2025,False,True,31,14.0938,-1.43584,20.502,False,21.3789,0,0.419355,0.0317264,0.0349514,0.019809,0.403426,1.40706,-2.28443,-0.0967742,-0.238029
2026-01-02,2025,False,True,31,13.8965,-1.51545,20.502,False,21.3789,0,0.322581,0.00902963,0.0481158,-0.00737636,0.122815,0.65999,-0.197309,0,-0.747069
2026-01-03,2025,False,True,31,14.2513,-1.37232,20.502,False,21.3789,0,0.387097,0.0150577,0.0388728,0.00180332,0.333981,0.139374,0.354747,0,-0.520616
2026-01-04,2025,False,True,31,15.889,-0.711564,20.502,False,21.3789,0,0.0645161,0.0139329,0.0434757,-0.000890952,0.318344,0.213681,1.63775,0,0.0743071
2026-01-05,2025,False,True,31,16.614,-0.419078,20.502,False,21.3789,0,0.0322581,0.0187648,0.0167594,0.0130503,0.304687,0.401075,0.724951,0,0.187393
2026-01-06,2025,False,True,31,16.3394,-0.529839,20.502,False,21.3789,0,0,0.0149746,0.0148115,0.00992437,0.243674,0.64202,-0.274531,0,0.240945
2026-01-07,2025,False,True,31,16.9411,-0.287107,20.502,False,21.3789,0,0,0.00554549,0.014534,0.000589839,0.0940194,0.719512,0.601631,0,0.0774917
2026-01-08,2025,False,True,31,18.0243,0.149918,20.502,False,21.3789,0,0,0.00854389,0.0137975,0.00383936,0.184277,0.499795,1.0832,0,-0.219717
2026-01-09,2025,False,True,31,17.8576,0.0826942,20.502,False,21.3789,0,0,0.0188192,0.00795751,0.016106,0.306445,0.550016,-0.166619,0,0.050221
2026-01-10,2025,False,True,31,16.8233,-0.334603,20.502,False,21.3789,0,0,0.0167353,0.0310845,0.0061365,0.17986,0.854898,-1.03431,0,0.304882
2026-01-11,2025,False,True,31,18.4119,0.306327,20.502,False,21.3789,0.0645161,0,-0.00569735,0.0209316,-0.0128344,-0.0822409,1.26365,1.5886,0.0645161,0.408748
2026-01-12,2025,False,True,31,19.1824,0.617179,20.502,False,21.3789,0.0645161,0,-0.00518216,-0.00901963,-0.00210674,-0.0887412,2.09617,0.770473,0,0.832526
2026-01-13,2025,False,True,31,18.5658,0.368398,20.502,False,21.3789,0.0967742,0,0.00374212,-0.00808622,0.00649927,-0.0818794,3.33264,-0.616624,0.0322581,1.23647
2026-01-14,2025,False,True,31,19.8777,0.897704,20.502,False,21.3789,0.0967742,0,0.00473103,-0.000315536,0.00483862,-0.172069,3.46081,1.31193,0,0.128177
2026-01-15,2025,False,True,31,18.4554,0.323858,20.502,False,21.3789,0.0967742,0,0.000655364,0.00989361,-0.00271805,-0.140958,3.9813,-1.42233,0,0.520485
2026-01-16,2025,False,True,31,19.0982,0.583223,20.502,False,21.3789,0.0967742,0,0.00420891,0.0174054,-0.00172579,-0.0871587,3.87608,0.642859,0,-0.105224
2026-01-17,2025,False,True,31,20.8516,1.29062,20.502,True,21.3789,0.451613,0,-0.00486884,0.0370421,-0.017499,-0.107726,3.34919,1.75333,0.354839,-0.526884
2026-01-18,2025,False,True,31,21.424,1.52158,20.502,True,21.3789,0.419355,0,0.029329,0.00771511,0.0266984,0.222789,2.76211,0.572458,-0.0322581,-0.587085
2026-01-19,2025,False,True,31,20.6444,1.20703,20.502,True,21.3789,0.387097,0,0.0120948,0.0558126,-0.00693561,0.0077143,4.39375,-0.77964,-0.0322581,1.63164
2026-01-20,2025,False,True,31,20.7641,1.25531,20.502,True,21.3789,0.290323,0,-0.00123457,0.0242414,-0.00950014,-0.0872147,6.09739,0.119664,-0.0967742,1.70364
2026-01-21,2025,False,True,31,20.2825,1.06104,20.502,False,21.3789,0.290323,0,0.0125126,0.023388,0.00453806,0.178494,9.30613,-0.481502,0,3.20875
2026-01-22,2025,False,True,31,21.2728,1.46055,20.502,True,21.3789,0.483871,0,-0.0100508,0.0032638,-0.0111636,-0.0512272,7.49633,0.990229,0.193548,-1.80981
2026-01-23,2025,False,True,31,19.7734,0.855604,20.502,False,21.3789,0.16129,0,0.00513476,0.000250276,0.00504942,0.0941068,7.54643,-1.49942,-0.322581,0.0501059
2026-01-24,2025,False,True,31,19.1863,0.618746,20.502,False,21.3789,0,0,0.019438,0.00465543,0.0178507,0.189043,7.29056,-0.587073,-0.16129,-0.255877
2026-01-25,2025,False,True,31,18.5386,0.357416,20.502,False,21.3789,0,0,0.00620343,0.0154153,0.000947276,0.0187758,7.05829,-0.647728,0,-0.232263
2026-01-26,2025,False,True,31,19.0616,0.568441,20.502,False,21.3789,0.0645161,0,0.00136967,0.00780682,-0.00129221,0.0921288,6.65437,0.523043,0.0645161,-0.403925
2026-01-27,2025,False,True,31,18.3406,0.277553,20.502,False,21.3789,0,0,0.00136408,0.0041043,-3.53622e-05,0.00690534,6.30084,-0.720992,-0.0645161,-0.353531
2026-01-28,2025,False,True,31,18.0827,0.173488,20.502,False,21.3789,0.0645161,0,0.000666766,0.00789134,-0.00202394,-0.0685331,5.23457,-0.257932,0.0645161,-1.06627
2026-01-29,2025,False,True,31,19.9011,0.907131,20.502,False,21.3789,0.225806,0,0.0118685,0.00389584,0.0105402,0.0999975,4.12334,1.8184,0.16129,-1.11123
2026-01-30,2025,False,True,31,19.8823,0.899572,20.502,False,21.3789,0.129032,0,0.0119371,0.0192619,0.00536944,0.14655,2.96249,-0.0187356,-0.0967742,-1.16085
2026-01-31,2025,False,True,31,19.7701,0.854298,20.502,False,21.3789,0.225806,0,0.00134883,0.0231864,-0.006557,0.0382307,2.8833,-0.112216,0.0967742,-0.0791826
2026-02-01,2025,False,True,31,17.7693,1.05364,18.2312,False,18.9057,0.258065,0,0.00389716,0.0129035,-0.000502523,0.0108157,3.29314,-2.00086,0.0322581,0.409842
2026-02-02,2025,False,True,31,16.124,0.458424,18.2312,False,18.9057,0,0,0.00420352,-0.00175837,0.00480307,0.101936,4.32883,-1.64528,-0.258065,1.03568
2026-02-03,2025,False,True,31,14.6086,-0.0898048,18.2312,False,18.9057,0,0,-0.00462842,-0.00324157,-0.00352314,-0.0562313,4.16659,-1.51539,0,-0.162237
2026-02-04,2025,False,True,31,14.0917,-0.276805,18.2312,False,18.9057,0,0,0.00332896,-0.00684812,0.00566395,0.0468957,3.47857,-0.5169,0,-0.688025
2026-02-05,2025,False,True,31,14.2271,-0.227797,18.2312,False,18.9057,0,0,-0.005978,0.00925589,-0.00913397,-0.113119,3.66659,0.135466,0,0.188026
2026-02-06,2025,False,True,31,14.4523,-0.146331,18.2312,False,18.9057,0,0,0.0106723,0.0161589,0.00516259,0.100973,1.42928,0.225185,0,-2.23731
2026-02-07,2025,False,True,31,14.1716,-0.247897,18.2312,False,18.9057,0,0,0.00767288,0.0199287,0.000877821,0.157497,0.770771,-0.280745,0,-0.65851
2026-02-08,2025,False,True,31,13.705,-0.416702,18.2312,False,18.9057,0,0.0322581,0.000535121,0.0185437,-0.0057877,-0.090782,1.44019,-0.466603,0,0.669414
2026-02-09,2025,False,True,31,13.7746,-0.39151,18.2312,False,18.9057,0,0.0645161,0.0123307,0.0134162,0.0077562,0.0172283,1.49048,0.0696349,0,0.0502911
2026-02-10,2025,False,True,31,12.5753,-0.825395,18.2312,False,18.9057,0,0.16129,-0.000408777,0.00903044,-0.00348788,-0.0552469,0.818051,-1.19933,0,-0.672426
2026-02-11,2025,False,True,31,12.4153,-0.883272,18.2312,False,18.9057,0,0.0967742,-0.0139997,-0.00993762,-0.0106113,-0.219395,0.195892,-0.159983,0,-0.622158
2026-02-12,2025,False,True,31,12.7226,-0.772084,18.2312,False,18.9057,0,0.0645161,-0.000359067,-0.00731999,0.00213682,-0.0480343,0.0650004,0.307342,0,-0.130892
2026-02-13,2025,False,True,31,13.8179,-0.375834,18.2312,False,18.9057,0,0,0.0186016,0.0217626,0.0111812,0.156953,0.179508,1.0953,0,0.114508
2026-02-14,2025,False,True,31,14.0455,-0.293504,18.2312,False,18.9057,0.0322581,0,0.0193443,0.0200107,0.0125212,0.275925,0.29582,0.227573,0.0322581,0.116312
2026-02-15,2025,False,True,31,13.3622,-0.540712,18.2312,False,18.9057,0,0.0645161,0.00145812,0.0121794,-0.00269468,0.067155,0.465913,-0.683322,-0.0322581,0.170093
2026-02-16,2025,False,True,31,13.6432,-0.439036,18.2312,False,18.9057,0,0,-0.00203755,-0.00601687,1.40106e-05,-0.0167822,0.625033,0.281049,0,0.15912
2026-02-17,2025,False,True,31,13.3825,-0.53336,18.2312,False,18.9057,0,0.0967742,-0.0132312,0.00624376,-0.0153601,-0.204691,1.00249,-0.260728,0,0.377461
2026-02-18,2025,False,True,31,12.7165,-0.77431,18.2312,False,18.9057,0,0.0645161,-0.00777648,-0.0110963,-0.003993,-0.204542,1.14141,-0.666023,0,0.138917
2026-02-19,2025,False,True,31,12.2093,-0.957807,18.2312,False,18.9057,0,0.225806,-0.00513263,0.00278713,-0.00608296,-0.249305,0.955898,-0.507216,0,-0.185514
2026-02-20,2025,False,True,31,12.2819,-0.931541,18.2312,False,18.9057,0,0.193548,0.0237566,0.0230214,0.0159071,0.160835,1.13613,0.0726036,0,0.180228
2026-02-21,2025,False,True,31,12.7604,-0.75841,18.2312,False,18.9057,0,0.16129,0.0177856,0.0466272,0.00188715,0.175003,0.898772,0.478562,0,-0.237353
2026-02-22,2025,False,True,31,11.7048,-1.14033,18.2312,False,18.9057,0,0.387097,0.0343166,0.0108793,0.030607,0.28699,0.637305,-1.05569,0,-0.261467
2026-02-23,2025,False,True,31,12.2553,-0.94115,18.2312,False,18.9057,0,0.193548,0.00555849,0.0477871,-0.0107354,0.0511392,0.507251,0.550562,0,-0.130054
2026-02-24,2025,False,True,31,11.1828,-1.32915,18.2312,False,18.9057,0,0.387097,0.000255574,0.058863,-0.0198149,-0.0878791,0.759256,-1.07251,0,0.252005
2026-02-25,2025,False,True,31,9.60575,-1.8997,18.2312,False,18.9057,0,0.83871,0.00686796,0.00145174,0.00637296,-0.0490655,0.903819,-1.57707,0,0.144564
2026-02-26,2025,False,True,31,8.076,-2.45312,18.2312,False,18.9057,0,1,0.00914748,0.0337435,-0.00235801,0.0913392,1.06184,-1.52975,0,0.158024
2026-02-27,2025,False,True,31,7.53244,-2.64976,18.2312,False,18.9057,0,1,0.016267,0.0126463,0.011955,0.138211,0.5682,-0.54356,0,-0.493643
2026-02-28,2025,False,True,31,8.57002,-2.2744,18.2312,False,18.9057,0,0.967742,0.0237059,0.0293553,0.0136967,0.20118,0.0766208,1.03758,0,-0.491579
2026-03-01,2025,False,True,31,9.11342,-0.320147,13.0107,False,13.2034,0,0.0645161,0.00778062,0.0415607,-0.0063903,0.17838,0.0705308,0.543398,0,-0.00609003
2026-03-02,2025,False,True,31,9.89647,0.0453728,13.0107,False,13.2034,0.0322581,0,0.00753585,0.00654599,0.00530387,0.164946,0.0655879,0.783055,0.0322581,-0.00494291
2026-03-03,2025,False,True,31,9.4006,-0.186095,13.0107,False,13.2034,0.0322581,0,-0.0049079,0.000379037,-0.00503714,-0.034254,0.074564,-0.495875,0,0.00897614
2026-03-04,2025,False,True,31,10.3072,0.237104,13.0107,False,13.2034,0,0.0322581,-0.00326586,-0.000964093,-0.00293713,-0.0964976,0.0331533,0.906622,-0.0322581,-0.0414107
2026-03-05,2025,False,True,31,11.0211,0.570336,13.0107,False,13.2034,0.129032,0,0.016484,0.0237916,0.00837181,0.0266722,0.0436239,0.713886,0.129032,0.0104706
2026-03-06,2025,False,True,31,10.0009,0.0941421,13.0107,False,13.2034,0.0322581,0.0322581,0.0254989,0.0233263,0.0175454,0.248394,0.020973,-1.02015,-0.0967742,-0.0226509
2026-03-07,2025,False,True,31,11.2749,0.68882,13.0107,False,13.2034,0.0645161,0,0.0140067,0.00214235,0.0132762,0.189197,0.0989033,1.27398,0.0322581,0.0779303
2026-03-08,2025,False,True,31,10.7707,0.453438,13.0107,False,13.2034,0.0645161,0,1.02401e-05,0.0214753,-0.00731216,0.0918289,0.179047,-0.50426,0,0.0801439
2026-03-09,2025,False,True,31,11.9665,1.01163,13.0107,False,13.2034,0.290323,0,0.00146044,-0.00893914,0.00450841,-0.158021,0.14603,1.19581,0.225806,-0.0330177
2026-03-10,2025,False,True,31,11.562,0.822822,13.0107,False,13.2034,0.16129,0,0.00363949,0.00828073,0.00081602,-0.0731585,0.289347,-0.404477,-0.129032,0.143318
2026-03-11,2025,False,True,31,9.7205,-0.0367701,13.0107,False,13.2034,0,0,-0.00218313,0.0107096,-0.00583477,-0.0795346,0.476165,-1.84151,-0.16129,0.186817
2026-03-12,2025,False,True,31,8.75381,-0.488004,13.0107,False,13.2034,0,0.0967742,-0.00139318,-0.000730744,-0.00114402,0.0308071,0.864739,-0.966682,0,0.388575
2026-03-13,2025,False,True,31,9.30505,-0.230694,13.0107,False,13.2034,0,0.0645161,0.0088822,0.00435701,0.0073966,0.152684,1.0922,0.551236,0,0.227457
2026-03-14,2025,False,True,31,9.83185,0.0152106,13.0107,False,13.2034,0,0.0645161,0.00482958,0.0201564,-0.00204313,0.0118697,0.938549,0.526804,0,-0.153647
2026-03-15,2025,False,True,31,10.089,0.135242,13.0107,False,13.2034,0,0,0.0155062,0.00349375,0.0143149,0.171574,0.617094,0.257144,0,-0.321455
2026-03-16,2025,False,True,31,10.2224,0.197493,13.0107,False,13.2034,0,0,0.0303108,0.0331351,0.0190128,0.121169,0.014643,0.133363,0,-0.602451
2026-03-17,2025,False,True,31,8.62462,-0.548308,13.0107,False,13.2034,0,0.0322581,0.0218458,0.0585393,0.00188573,0.231936,0.00435821,-1.59774,0,-0.0102848
2026-03-18,2025,False,True,31,9.11545,-0.319198,13.0107,False,13.2034,0,0.0645161,0.0131477,0.00367317,0.0118952,0.0924341,0.12564,0.490825,0,0.121282
2026-03-19,2025,False,True,31,7.98727,-0.845816,13.0107,False,13.2034,0,0.290323,-0.00885322,0.0121867,-0.0130085,-0.137996,0.0386678,-1.12818,0,-0.0869721
2026-03-20,2025,False,True,31,8.41655,-0.645432,13.0107,False,13.2034,0,0.0967742,0.0269317,0.0124009,0.0227034,0.0872182,0.0340448,0.429285,0,-0.00462296
2026-03-21,2025,False,True,31,8.25893,-0.719009,13.0107,False,13.2034,0,0.0967742,0.0170392,0.046584,0.00115547,-0.0211635,0.0292168,-0.157625,0,-0.00482803
2026-03-22,2025,False,True,31,7.49095,-1.07749,13.0107,False,13.2034,0,0.419355,0.0173301,0.0262475,0.0083805,0.057859,0.129027,-0.767978,0,0.0998105
2026-03-23,2025,False,True,31,7.25156,-1.18924,13.0107,False,13.2034,0,0.354839,0.00453389,0.00673784,0.00223649,0.0254855,0.185491,-0.239396,0,0.0564635
2026-03-24,2025,False,True,31,7.16853,-1.22799,13.0107,False,13.2034,0,0.451613,0.0233095,0.00749335,0.0207545,0.035014,0.116876,-0.0830272,0,-0.0686153
2026-03-25,2025,False,True,31,7.37198,-1.13302,13.0107,False,13.2034,0,0.322581,0.0049544,0.0343365,-0.0067533,-0.0659184,0.0234262,0.203453,0,-0.0934493
2026-03-26,2025,False,True,31,7.11948,-1.25089,13.0107,False,13.2034,0,0.419355,-0.00194637,0.018686,-0.00831773,-0.0963725,0.0363033,-0.252497,0,0.0128771
2026-03-27,2025,False,True,31,7.73682,-0.962723,13.0107,False,13.2034,0,0.258065,0.0192136,0.036605,0.00673244,0.173221,0.0292095,0.617334,0,-0.00709379
2026-03-28,2025,False,True,31,7.8509,-0.909469,13.0107,False,13.2034,0,0.16129,-0.00486872,0.0393598,-0.0182892,-0.075617,0.0271756,0.114086,0,-0.00203386
2026-03-29,2025,False,True,31,7.52717,-1.06058,13.0107,False,13.2034,0,0.290323,-0.00953207,0.000344095,-0.00964939,0.0555542,0.0267965,-0.323732,0,-0.000379073
2026-03-30,2025,False,True,31,7.3029,-1.16527,13.0107,False,13.2034,0,0.290323,0.0110258,-0.00723065,0.0134912,0.138837,0.0306013,-0.224267,0,0.00380473
2026-03-31,2025,False,True,31,6.71419,-1.44007,13.0107,False,13.2034,0,0.580645,0.0119472,-9.1943e-05,0.0119785,0.195963,0.0300204,-0.58871,0,-0.000580908
